sim_ms,mote_id,src,R,Rhat,e,v1,v2,v3,v4,v5,v6,v7,AC,ML,t,type,action
1499000,12,3,308,282,0,0,8,18,13,10,13,7,0,0,1499,detection,
643000,19,29,292,304,0,4,14,3,22,3,24,15,0,0,643,detection,
1084000,18,13,316,326,0,4,30,6,28,17,29,13,0,0,1084,detection,
603000,3,23,270,291,0,27,19,11,2,27,44,15,0,0,603,detection,
689000,30,14,282,298,0,1,25,13,6,0,41,3,0,0,689,detection,
1273000,12,24,293,325,0,4,21,24,16,18,30,13,0,0,1273,detection,
837000,21,26,280,289,0,18,19,5,8,6,64,5,0,0,837,detection,
246000,3,29,286,329,0,29,2,2,9,1,10,21,0,0,246,detection,
579000,20,24,316,287,0,10,2,7,17,7,12,45,0,0,579,detection,
707000,30,24,307,287,0,11,10,16,24,14,8,5,0,0,707,detection,
638000,19,16,287,288,0,12,8,22,17,5,53,5,0,0,638,detection,
1212000,12,15,280,322,0,26,9,7,0,21,63,15,0,0,1212,detection,
1187000,22,24,274,290,0,22,19,18,9,34,56,2,0,0,1187,detection,
766000,13,24,297,322,0,11,2,5,42,8,46,8,0,0,766,detection,
1315000,14,21,323,295,0,17,36,48,2,24,16,20,0,0,1315,detection,
1037000,16,27,302,283,0,6,19,8,16,10,12,9,0,0,1037,detection,
524000,20,22,273,306,0,22,20,33,22,7,15,21,0,0,524,detection,
1421000,16,24,329,317,0,3,6,5,19,9,6,5,0,0,1421,detection,
901000,11,4,319,271,0,7,23,14,22,13,37,11,0,0,901,detection,
803000,24,22,302,308,0,21,29,6,13,23,42,13,0,0,803,detection,
230000,29,16,329,297,0,8,23,0,7,31,14,24,0,0,230,detection,
1480000,4,28,309,299,0,8,12,4,20,13,50,17,0,0,1480,detection,
643000,19,21,283,310,0,5,6,38,5,6,35,4,0,0,643,detection,
604000,17,29,285,304,0,21,7,20,19,12,25,3,0,0,604,detection,
514000,25,17,277,288,0,15,18,6,21,43,26,3,0,0,514,detection,
1161000,20,25,305,299,0,8,2,3,6,32,10,11,0,0,1161,detection,
393000,25,21,294,307,0,27,10,5,7,12,22,11,0,0,393,detection,
1395000,29,26,274,279,0,16,5,23,5,8,76,26,0,0,1395,detection,
231000,30,24,279,284,0,18,9,2,12,36,19,29,0,0,231,detection,
1631000,3,21,319,291,0,15,10,21,6,4,42,2,0,0,1631,detection,
1425000,11,30,292,313,0,10,25,24,20,11,33,12,0,0,1425,detection,
404000,23,28,328,278,0,8,16,20,3,7,17,10,0,0,404,detection,
1593000,25,17,311,327,0,1,26,26,11,5,43,9,0,0,1593,detection,
195000,21,15,290,303,0,14,2,7,5,26,51,13,0,0,195,detection,
1611000,4,14,273,271,0,11,7,12,6,37,45,37,0,0,1611,detection,
245000,13,17,271,308,0,28,6,22,6,24,34,16,0,0,245,detection,
734000,25,28,292,287,0,19,4,5,3,20,28,43,0,0,734,detection,
644000,22,29,274,291,0,3,7,15,9,12,22,1,0,0,644,detection,
1381000,16,25,272,272,0,20,14,5,4,9,19,3,0,0,1381,detection,
152000,15,24,323,317,0,17,6,2,8,28,15,17,0,0,152,detection,
1505000,3,28,313,293,0,13,17,10,9,3,12,15,0,0,1505,detection,
848000,26,17,276,300,0,8,4,2,2,4,23,30,0,0,848,detection,
685000,4,26,272,314,0,1,2,7,2,17,20,9,0,0,685,detection,
1665000,13,3,303,305,0,9,6,2,5,2,44,6,0,0,1665,detection,
65000,30,25,319,313,0,22,3,5,6,16,34,39,0,0,65,detection,
1109000,18,24,322,307,0,4,7,16,3,15,12,5,0,0,1109,detection,
1119000,19,4,282,284,0,10,4,14,13,27,14,11,0,0,1119,detection,
241000,20,14,318,295,0,12,14,3,8,9,1,4,0,0,241,detection,
1541000,3,25,282,298,0,9,11,10,10,0,24,15,0,0,1541,detection,
1541000,18,27,318,306,0,1,13,4,18,7,1,0,0,0,1541,detection,
764000,20,15,316,272,0,8,23,8,12,5,20,2,0,0,764,detection,
1033000,15,25,314,290,0,0,29,11,1,15,23,21,0,0,1033,detection,
886000,12,17,310,277,0,13,11,1,14,2,43,4,0,0,886,detection,
1036000,22,17,312,291,0,8,16,9,4,1,46,3,0,0,1036,detection,
1231000,18,16,280,277,0,28,16,5,12,1,26,9,0,0,1231,detection,
1629000,30,28,279,319,0,2,0,6,1,38,13,30,0,0,1629,detection,
587000,14,12,315,272,0,3,7,14,7,15,28,13,0,0,587,detection,
912000,18,24,287,293,0,31,2,6,26,8,52,9,0,0,912,detection,
1142000,17,12,280,325,0,4,9,20,1,20,36,6,0,0,1142,detection,
143000,27,17,292,282,0,5,1,30,5,2,68,16,0,0,143,detection,
245000,15,11,300,289,0,19,9,7,23,12,22,2,0,0,245,detection,
1324000,4,22,282,289,0,17,2,6,3,1,22,9,0,0,1324,detection,
1237000,11,13,325,304,0,6,37,10,4,3,9,19,0,0,1237,detection,
302000,25,11,284,314,0,32,33,39,7,7,51,1,0,0,302,detection,
457000,27,16,270,280,0,2,7,5,20,10,12,4,0,0,457,detection,
1721000,18,22,275,280,0,10,3,12,16,13,26,22,0,0,1721,detection,
473000,27,18,318,274,0,5,28,25,24,22,48,2,0,0,473,detection,
1523000,17,30,297,313,0,16,24,22,2,37,33,29,0,0,1523,detection,
394000,26,22,298,296,0,8,7,3,15,14,57,8,0,0,394,detection,
652000,20,22,276,276,0,12,5,0,19,13,18,4,0,0,652,detection,
443000,29,27,315,278,0,11,2,17,2,11,33,14,0,0,443,detection,
165000,14,17,301,303,0,5,7,12,5,11,60,12,0,0,165,detection,
173000,24,16,295,305,0,26,7,19,8,15,31,31,0,0,173,detection,
921000,20,15,312,284,0,16,20,29,34,8,24,8,0,0,921,detection,
648000,22,14,299,289,0,11,20,2,1,12,49,1,0,0,648,detection,
1134000,28,15,302,308,0,9,12,10,13,19,59,39,0,0,1134,detection,
1033000,16,17,282,295,0,13,3,1,15,18,7,4,0,0,1033,detection,
1474000,15,23,298,319,0,17,11,3,15,4,34,0,0,0,1474,detection,
655000,16,13,318,313,0,2,6,6,1,4,8,1,0,0,655,detection,
1737000,11,22,322,295,0,16,15,11,8,8,21,9,0,0,1737,detection,
573000,22,26,283,272,0,4,17,18,16,26,15,9,0,0,573,detection,
218000,4,24,286,288,0,21,14,5,34,11,10,2,0,0,218,detection,
1197000,13,21,290,315,0,9,17,26,1,6,46,46,0,0,1197,detection,
447000,11,20,307,291,0,19,52,13,31,4,25,1,0,0,447,detection,
905000,23,28,314,275,0,14,2,13,1,9,13,8,0,0,905,detection,
705000,12,13,318,322,0,37,13,28,29,12,29,12,0,0,705,detection,
989000,22,16,289,292,0,17,4,7,2,10,19,6,0,0,989,detection,
929000,21,13,324,292,0,10,9,5,20,26,19,15,0,0,929,detection,
1143000,19,12,315,272,0,1,8,11,0,6,38,19,0,0,1143,detection,
433000,23,22,281,280,0,10,21,8,10,21,3,7,0,0,433,detection,
137000,29,13,323,274,0,10,4,5,2,3,13,8,0,0,137,detection,
168000,29,3,289,299,0,11,3,3,2,14,16,4,0,0,168,detection,
91000,15,12,328,314,0,1,8,11,3,15,41,15,0,0,91,detection,
1284000,13,22,296,303,0,13,11,28,3,1,26,12,0,0,1284,detection,
1740000,19,13,291,283,0,34,5,7,18,13,23,19,0,0,1740,detection,
1492000,30,29,315,311,0,41,23,13,8,16,49,17,0,0,1492,detection,
1554000,14,26,320,311,0,9,23,10,12,13,26,2,0,0,1554,detection,
1223000,23,30,290,308,0,12,20,5,3,4,38,2,0,0,1223,detection,
1222000,18,25,294,321,0,4,4,6,11,1,29,13,0,0,1222,detection,
1319000,30,4,274,319,0,17,17,22,3,5,53,14,0,0,1319,detection,
769000,20,15,295,297,0,10,11,4,15,1,21,22,0,0,769,detection,
1327000,20,27,329,312,0,10,1,6,13,9,11,28,0,0,1327,detection,
1681000,14,20,300,286,0,7,12,24,10,4,18,2,0,0,1681,detection,
1389000,24,3,271,303,0,0,13,9,10,20,34,1,0,0,1389,detection,
277000,30,21,290,270,0,9,16,2,10,6,22,5,0,0,277,detection,
513000,24,18,270,272,0,23,12,10,10,4,28,7,0,0,513,detection,
311000,26,28,282,329,0,11,18,10,22,6,79,32,0,0,311,detection,
1155000,23,13,326,300,0,13,3,11,20,22,26,10,0,0,1155,detection,
1111000,19,13,271,298,0,5,14,7,11,10,43,5,0,0,1111,detection,
560000,28,11,294,296,0,6,10,9,3,2,56,25,0,0,560,detection,
491000,28,16,293,305,0,8,21,42,7,21,32,22,0,0,491,detection,
1383000,18,16,292,278,0,6,23,0,21,23,44,3,0,0,1383,detection,
1306000,11,19,292,275,0,11,0,6,1,6,5,11,0,0,1306,detection,
1292000,3,16,285,309,0,1,29,22,15,12,49,5,0,0,1292,detection,
340000,23,29,319,294,0,31,33,30,3,25,16,20,0,0,340,detection,
162000,3,29,272,298,0,34,13,4,16,4,54,9,0,0,162,detection,
611000,26,22,308,312,0,7,24,10,3,13,17,11,0,0,611,detection,
1632000,22,15,273,296,0,4,8,18,11,38,51,8,0,0,1632,detection,
580000,18,3,305,299,0,18,11,0,13,5,14,15,0,0,580,detection,
249000,29,24,301,271,0,16,19,10,12,6,14,7,0,0,249,detection,
1350000,21,23,304,277,0,8,3,13,19,1,11,6,0,0,1350,detection,
422000,25,23,280,310,0,11,11,9,13,23,22,4,0,0,422,detection,
1150000,20,3,293,327,0,4,6,6,21,0,4,12,0,0,1150,detection,
157000,30,16,306,292,0,8,1,15,18,9,31,16,0,0,157,detection,
1594000,13,16,308,327,0,5,11,4,11,35,13,4,0,0,1594,detection,
1374000,21,28,273,291,0,6,11,6,1,18,18,3,0,0,1374,detection,
602000,15,13,275,275,0,10,5,2,26,10,45,1,0,0,602,detection,
961000,28,15,312,291,0,19,8,24,13,7,44,18,0,0,961,detection,
1658000,24,21,307,297,0,3,17,19,21,9,26,11,0,0,1658,detection,
437000,3,29,280,301,0,14,15,7,17,10,73,18,0,0,437,detection,
1475000,12,18,286,319,0,8,17,33,21,14,30,8,0,0,1475,detection,
1224000,25,21,301,277,0,15,3,8,8,18,26,10,0,0,1224,detection,
407000,27,24,318,294,0,4,19,12,9,2,12,1,0,0,407,detection,
417000,15,30,289,317,0,15,17,24,11,5,38,15,0,0,417,detection,
1166000,14,24,321,276,0,26,9,8,14,6,37,9,0,0,1166,detection,
1098000,19,14,315,325,0,5,23,60,7,14,47,10,0,0,1098,detection,
110000,18,27,295,311,0,6,12,10,5,3,57,4,0,0,110,detection,
1364000,20,22,288,283,0,6,19,4,2,9,16,22,0,0,1364,detection,
636000,4,12,276,320,0,13,3,4,28,1,17,7,0,0,636,detection,
1367000,21,20,325,324,0,15,28,10,20,47,37,10,0,0,1367,detection,
311000,14,17,292,301,0,11,3,10,14,11,18,5,0,0,311,detection,
130000,26,4,303,289,0,18,6,5,14,8,18,4,0,0,130,detection,
935000,13,24,295,276,0,34,7,20,21,13,49,10,0,0,935,detection,
207000,25,18,322,324,0,8,12,9,10,1,20,13,0,0,207,detection,
1584000,3,29,276,286,0,23,12,16,10,6,2,4,0,0,1584,detection,
1290000,28,16,289,326,0,19,21,27,7,6,3,5,0,0,1290,detection,
1652000,22,29,277,300,0,3,20,8,12,7,8,21,0,0,1652,detection,
1746000,4,14,315,303,0,14,7,4,9,9,75,2,0,0,1746,detection,
1237000,23,30,278,312,0,11,7,1,6,1,53,1,0,0,1237,detection,
1000000,14,28,287,323,0,6,6,10,18,18,37,26,0,0,1000,detection,
701000,19,18,275,327,0,13,15,29,35,8,36,28,0,0,701,detection,
1373000,23,3,278,314,0,6,2,3,4,13,29,23,0,0,1373,detection,
701000,28,26,295,274,0,4,30,7,11,1,25,8,0,0,701,detection,
80000,24,30,312,280,0,5,12,3,13,15,21,12,0,0,80,detection,
1396000,23,30,329,284,0,10,7,13,6,18,5,24,0,0,1396,detection,
751000,14,17,275,307,0,9,4,45,5,25,37,24,0,0,751,detection,
762000,26,14,279,292,0,5,11,4,19,3,35,4,0,0,762,detection,
215000,25,26,312,273,0,19,2,12,37,12,11,11,0,0,215,detection,
692000,14,16,327,328,0,20,2,5,18,8,24,20,0,0,692,detection,
522000,18,3,321,294,0,12,7,9,1,33,17,9,0,0,522,detection,
1414000,3,18,286,286,0,3,14,6,9,11,23,16,0,0,1414,detection,
1245000,19,17,293,281,0,5,9,6,20,2,35,9,0,0,1245,detection,
1259000,18,30,297,312,0,2,0,19,6,12,3,30,0,0,1259,detection,
286000,29,27,280,320,0,12,30,1,31,0,34,1,0,0,286,detection,
1721000,17,23,292,314,0,4,3,3,1,6,47,50,0,0,1721,detection,
1636000,27,19,280,275,0,4,2,2,1,5,57,17,0,0,1636,detection,
85000,4,29,280,307,0,16,17,7,2,21,19,7,0,0,85,detection,
762000,11,25,290,324,0,11,17,13,2,6,8,1,0,0,762,detection,
1460000,18,22,274,313,0,21,24,20,2,4,13,3,0,0,1460,detection,
1441000,29,17,326,310,0,11,30,28,7,14,17,10,0,0,1441,detection,
1676000,18,22,284,296,0,5,53,0,6,4,77,33,0,0,1676,detection,
987000,28,17,283,314,0,2,15,2,28,1,30,20,0,0,987,detection,
980000,14,12,301,322,0,0,14,16,6,10,15,2,0,0,980,detection,
124000,18,21,305,322,0,6,3,36,4,1,13,14,0,0,124,detection,
513000,16,13,288,296,0,20,11,14,9,0,37,9,0,0,513,detection,
1367000,27,18,272,274,0,12,14,1,10,21,11,11,0,0,1367,detection,
270000,13,19,271,303,0,7,10,18,30,30,34,23,0,0,270,detection,
1570000,26,12,308,274,0,4,2,3,3,20,23,5,0,0,1570,detection,
269000,20,16,283,293,0,2,11,1,2,2,43,24,0,0,269,detection,
712000,29,30,273,326,0,5,9,19,21,5,29,20,0,0,712,detection,
128000,22,17,301,303,0,22,15,15,2,5,34,23,0,0,128,detection,
685000,25,15,321,276,0,11,22,15,2,11,29,7,0,0,685,detection,
975000,29,16,303,307,0,24,12,7,7,1,8,3,0,0,975,detection,
1709000,29,14,274,272,0,28,9,15,5,2,41,3,0,0,1709,detection,
305000,26,28,304,291,0,7,10,30,12,21,29,6,0,0,305,detection,
324000,4,26,300,276,0,3,11,19,3,18,4,38,0,0,324,detection,
1166000,4,21,289,288,0,1,19,21,14,2,2,17,0,0,1166,detection,
1302000,11,25,320,287,0,29,18,18,3,21,53,9,0,0,1302,detection,
1426000,27,30,271,285,0,27,4,20,4,25,35,12,0,0,1426,detection,
496000,28,19,320,302,0,16,9,0,27,6,32,5,0,0,496,detection,
1186000,21,19,326,287,0,2,26,25,47,8,17,29,0,0,1186,detection,
356000,13,20,295,281,0,1,51,33,12,19,38,10,0,0,356,detection,
555000,11,20,285,273,0,6,11,9,17,7,23,3,0,0,555,detection,
122000,21,11,315,273,0,8,17,5,15,9,38,4,0,0,122,detection,
929000,17,18,291,275,0,2,2,9,19,11,30,24,0,0,929,detection,
1432000,30,21,277,304,0,13,31,22,20,11,35,40,0,0,1432,detection,
1607000,25,21,305,327,0,13,3,14,7,31,5,11,0,0,1607,detection,
154000,13,24,288,280,0,22,13,15,12,0,28,14,0,0,154,detection,
939000,12,11,304,300,0,0,17,0,10,3,31,1,0,0,939,detection,
890000,14,17,311,278,0,12,31,14,3,7,16,2,0,0,890,detection,
554000,22,15,292,311,0,1,6,18,22,18,23,42,0,0,554,detection,
145000,29,20,305,297,0,18,4,40,11,7,59,16,0,0,145,detection,
1042000,16,25,289,294,0,24,18,7,15,3,36,17,0,0,1042,detection,
1169000,26,21,325,312,0,20,56,27,8,6,24,24,0,0,1169,detection,
1150000,15,14,326,309,0,11,4,39,14,11,20,9,0,0,1150,detection,
1739000,11,15,329,314,0,10,16,9,0,5,19,30,0,0,1739,detection,
706000,4,20,317,294,0,23,19,21,25,0,24,7,0,0,706,detection,
1225000,14,11,286,301,0,18,20,0,2,16,14,5,0,0,1225,detection,
341000,27,23,325,301,0,19,7,17,19,7,4,12,0,0,341,detection,
1390000,21,17,300,280,0,13,11,2,9,18,42,12,0,0,1390,detection,
817000,11,24,279,292,0,7,15,35,3,2,12,8,0,0,817,detection,
748000,13,5,262,505,-243,88,2,7,8,7,6,66,90,100,748,detection,B
1681000,17,5,262,505,-243,97,12,12,3,4,32,72,90,100,1681,detection,B
1114000,14,5,262,505,-243,99,37,24,8,13,45,79,90,100,1114,detection,B
779000,26,5,262,505,-243,100,19,6,14,5,35,92,90,100,779,detection,B
876000,24,5,262,505,-243,95,8,2,2,1,32,97,90,100,876,detection,B
1286000,4,5,262,505,-243,88,16,1,4,27,24,77,90,100,1286,detection,B
554000,4,5,262,505,-243,90,28,20,2,15,10,65,90,100,554,detection,B
954000,18,5,262,505,-243,97,7,6,3,17,13,75,90,100,954,detection,B
1748000,30,5,262,505,-243,86,9,7,29,1,26,89,90,100,1748,detection,B
607000,28,5,262,505,-243,97,9,37,8,23,57,88,90,100,607,detection,B
1702000,18,5,262,505,-243,98,5,9,16,0,16,84,90,100,1702,detection,B
1309000,20,5,262,505,-243,82,8,7,24,22,4,99,90,100,1309,detection,B
853000,19,5,262,505,-243,79,13,11,19,7,15,90,90,100,853,detection,B
1210000,26,5,262,505,-243,84,1,16,2,22,26,93,90,100,1210,detection,B
983000,13,5,262,505,-243,94,17,7,5,17,3,91,90,100,983,detection,B
458000,30,5,262,505,-243,87,36,18,1,13,6,91,90,100,458,detection,B
519000,23,5,262,505,-243,81,6,28,8,0,14,61,90,100,519,detection,B
315000,20,5,262,505,-243,81,8,22,4,21,32,95,90,100,315,detection,B
470000,23,5,262,505,-243,93,10,10,2,9,33,81,90,100,470,detection,B
1145000,19,5,262,505,-243,84,9,3,19,7,6,68,90,100,1145,detection,B
1029000,18,5,262,505,-243,95,2,18,28,1,2,93,90,100,1029,detection,B
680000,3,5,262,505,-243,80,5,20,26,28,7,65,90,100,680,detection,B
885000,25,5,262,505,-243,82,3,11,9,16,9,96,90,100,885,detection,B
746000,27,5,262,505,-243,89,21,31,1,9,12,69,90,100,746,detection,B
1291000,23,5,262,505,-243,82,18,3,16,18,11,79,90,100,1291,detection,B
1709000,11,5,262,505,-243,87,7,22,4,3,38,95,90,100,1709,detection,B
1493000,23,5,262,505,-243,99,28,16,19,8,5,100,90,100,1493,detection,B
1582000,17,5,262,505,-243,92,9,16,8,3,11,100,90,100,1582,detection,B
582000,3,5,262,505,-243,81,17,12,4,0,37,95,90,100,582,detection,B
1593000,30,5,262,505,-243,80,13,10,38,11,12,69,90,100,1593,detection,B
1431000,15,5,262,505,-243,82,11,10,2,0,5,62,90,100,1431,detection,B
1171000,22,5,262,505,-243,87,15,7,9,13,39,70,90,100,1171,detection,B
1112000,11,5,262,505,-243,94,2,13,46,15,19,83,90,100,1112,detection,B
1624000,16,5,262,505,-243,85,8,6,7,6,39,94,90,100,1624,detection,B
1164000,25,5,262,505,-243,96,3,22,23,13,22,93,90,100,1164,detection,B
1309000,30,5,262,505,-243,82,7,6,12,10,7,82,90,100,1309,detection,B
511000,14,5,262,505,-243,92,26,7,32,2,8,90,90,100,511,detection,B
526000,21,5,262,505,-243,85,37,15,40,2,14,88,90,100,526,detection,B
1313000,23,5,262,505,-243,87,4,3,13,20,17,66,90,100,1313,detection,B
1067000,11,5,262,505,-243,83,34,30,6,17,14,94,90,100,1067,detection,B
409000,14,5,262,505,-243,84,13,10,13,5,23,88,90,100,409,detection,B
359000,18,5,262,505,-243,85,25,6,7,5,58,72,90,100,359,detection,B
1681000,23,5,262,505,-243,99,19,17,10,8,22,68,90,100,1681,detection,B
622000,27,5,262,505,-243,78,2,18,23,41,10,92,90,100,622,detection,B
1436000,13,5,262,505,-243,89,7,6,8,7,18,97,90,100,1436,detection,B
1511000,29,5,262,505,-243,95,2,7,5,35,12,93,90,100,1511,detection,B
1112000,12,5,262,505,-243,88,5,4,22,13,5,71,90,100,1112,detection,B
989000,22,5,262,505,-243,85,11,2,21,13,54,78,90,100,989,detection,B
324000,13,5,262,505,-243,95,14,42,20,2,2,96,90,100,324,detection,B
1511000,4,5,262,505,-243,96,21,11,8,14,41,77,90,100,1511,detection,B
959000,12,5,262,505,-243,85,2,16,13,6,7,74,90,100,959,detection,B
625000,20,5,262,505,-243,88,22,13,24,6,19,80,90,100,625,detection,B
1144000,26,5,262,505,-243,89,11,15,0,18,49,66,90,100,1144,detection,B
732000,14,5,262,505,-243,98,2,13,23,10,6,97,90,100,732,detection,B
765000,19,5,262,505,-243,90,7,1,7,17,22,86,90,100,765,detection,B
1234000,24,5,262,505,-243,96,22,16,19,4,34,78,90,100,1234,detection,B
1707000,25,5,262,505,-243,97,16,12,10,11,33,71,90,100,1707,detection,B
515000,30,5,262,505,-243,83,2,7,3,9,9,71,90,100,515,detection,B
853000,11,5,262,505,-243,87,4,5,8,19,15,76,90,100,853,detection,B
1103000,13,5,262,505,-243,91,6,15,29,15,28,93,90,100,1103,detection,B
356000,18,5,262,505,-243,87,9,17,1,7,8,99,90,100,356,detection,B
1236000,16,5,262,505,-243,96,4,30,46,2,16,62,90,100,1236,detection,B
960000,26,5,262,505,-243,94,24,23,15,20,11,61,90,100,960,detection,B
1670000,21,5,262,505,-243,95,30,14,5,8,19,84,90,100,1670,detection,B
1598000,30,5,262,505,-243,87,34,2,15,28,19,77,90,100,1598,detection,B
326000,17,5,262,505,-243,83,32,19,6,12,24,70,90,100,326,detection,B
1177000,13,5,262,505,-243,89,13,20,5,10,8,86,90,100,1177,detection,B
1209000,26,5,262,505,-243,83,4,6,7,14,23,96,90,100,1209,detection,B
1143000,12,5,262,505,-243,89,3,2,18,20,59,88,90,100,1143,detection,B
1124000,19,5,262,505,-243,92,19,4,8,18,47,82,90,100,1124,detection,B
965000,12,5,262,505,-243,79,16,17,11,30,4,96,90,100,965,detection,B
1217000,15,5,262,505,-243,88,1,12,16,22,2,98,90,100,1217,detection,B
1562000,23,5,262,505,-243,79,3,15,17,19,6,75,90,100,1562,detection,B
1319000,14,5,262,505,-243,88,1,7,7,5,37,71,90,100,1319,detection,B
1494000,23,5,262,505,-243,80,11,23,29,43,6,71,90,100,1494,detection,B
1112000,16,5,262,505,-243,89,8,25,30,16,23,83,90,100,1112,detection,B
388000,15,5,262,505,-243,84,7,4,18,9,7,89,90,100,388,detection,B
1602000,16,5,262,505,-243,89,9,35,26,21,9,72,90,100,1602,detection,B
1053000,27,5,262,505,-243,100,22,14,42,3,39,99,90,100,1053,detection,B
1431000,16,5,262,505,-243,94,18,0,42,24,20,66,90,100,1431,detection,B
1166000,26,5,262,505,-243,89,18,32,13,14,20,76,90,100,1166,detection,B
1138000,26,5,262,505,-243,85,12,9,8,14,30,96,90,100,1138,detection,B
1205000,25,5,262,505,-243,89,5,11,5,12,20,64,90,100,1205,detection,B
1385000,13,5,262,505,-243,85,11,11,11,18,39,69,90,100,1385,detection,B
1304000,19,5,262,505,-243,93,10,5,0,1,12,62,90,100,1304,detection,B
1313000,15,5,262,505,-243,81,17,1,22,9,20,99,90,100,1313,detection,B
1429000,27,5,262,505,-243,99,11,18,32,5,20,65,90,100,1429,detection,B
1709000,3,5,262,505,-243,86,10,5,1,30,9,63,90,100,1709,detection,B
1635000,11,5,262,505,-243,83,1,22,5,18,1,96,90,100,1635,detection,B
1437000,18,5,262,505,-243,95,8,2,12,1,11,77,90,100,1437,detection,B
100000,27,5,290,290,0,26,7,7,0,19,77,14,0,0,100,detection,
257000,30,5,290,290,0,19,20,10,2,1,26,29,0,0,257,detection,
134000,13,5,290,290,0,3,40,14,5,9,51,7,0,0,134,detection,
255000,27,5,290,290,0,12,30,16,26,34,20,6,0,0,255,detection,
205000,12,5,290,290,0,12,26,1,15,3,2,0,0,0,205,detection,
104000,4,5,290,290,0,23,1,8,18,15,63,1,0,0,104,detection,
211000,23,5,290,290,0,16,24,2,19,1,35,20,0,0,211,detection,
249000,21,5,290,290,0,4,1,4,11,3,9,8,0,0,249,detection,
548000,18,4,270,300,0,6,8,31,14,13,23,2,0,0,548,detection,
697000,20,26,323,313,0,25,17,15,23,14,27,31,0,0,697,detection,
141000,4,22,294,300,0,8,12,15,10,9,22,2,0,0,141,detection,
985000,29,26,296,289,0,6,2,13,5,12,71,4,0,0,985,detection,
1539000,30,28,290,271,0,3,4,9,7,14,17,34,0,0,1539,detection,
1142000,20,27,271,284,0,23,11,9,24,4,26,3,0,0,1142,detection,
318000,13,14,297,305,0,3,24,36,7,12,8,1,0,0,318,detection,
575000,3,29,296,310,0,9,4,17,17,10,11,11,0,0,575,detection,
883000,13,28,318,279,0,8,24,22,31,21,8,4,0,0,883,detection,
346000,24,13,286,321,0,39,3,12,15,6,58,10,0,0,346,detection,
719000,15,29,322,314,0,8,18,16,6,56,22,8,0,0,719,detection,
912000,30,3,292,282,0,3,7,7,5,19,5,23,0,0,912,detection,
814000,18,12,294,321,0,9,11,38,10,13,26,2,0,0,814,detection,
764000,24,26,297,289,0,25,12,2,27,33,14,8,0,0,764,detection,
1146000,20,18,312,289,0,8,7,13,4,18,18,3,0,0,1146,detection,
1434000,22,13,320,329,0,7,3,7,18,12,34,4,0,0,1434,detection,
1156000,3,27,327,305,0,21,4,18,13,24,34,14,0,0,1156,detection,
545000,12,4,284,319,0,17,23,22,9,3,17,26,0,0,545,detection,
1364000,20,27,317,323,0,11,17,3,5,28,23,25,0,0,1364,detection,
1447000,28,25,311,273,0,12,4,11,7,7,30,1,0,0,1447,detection,
1673000,17,19,326,273,0,27,23,8,2,6,3,11,0,0,1673,detection,
778000,26,24,306,284,0,5,1,4,7,5,21,12,0,0,778,detection,
434000,18,15,328,291,0,15,9,1,16,21,22,34,0,0,434,detection,
358000,23,15,327,273,0,19,12,5,8,8,3,41,0,0,358,detection,
1193000,29,16,277,300,0,24,5,1,25,15,67,32,0,0,1193,detection,
294000,18,20,295,270,0,12,15,15,26,9,29,16,0,0,294,detection,
443000,15,23,297,300,0,10,25,10,5,23,45,10,0,0,443,detection,
1583000,14,18,316,275,0,15,4,7,15,4,15,13,0,0,1583,detection,
803000,15,23,271,291,0,18,20,8,18,3,16,13,0,0,803,detection,
1093000,13,24,293,294,0,6,4,9,7,4,35,14,0,0,1093,detection,
482000,22,25,316,305,0,10,9,21,9,12,45,46,0,0,482,detection,
813000,26,16,310,329,0,10,30,11,11,10,50,30,0,0,813,detection,
1670000,11,26,307,306,0,8,20,19,28,2,18,23,0,0,1670,detection,
1153000,25,21,288,304,0,4,16,4,18,4,35,9,0,0,1153,detection,
931000,19,22,270,317,0,13,12,22,12,11,30,20,0,0,931,detection,
1237000,24,11,328,296,0,10,7,5,5,15,16,14,0,0,1237,detection,
1201000,22,25,299,283,0,15,3,24,24,21,16,4,0,0,1201,detection,
774000,3,27,273,281,0,2,28,7,12,14,57,17,0,0,774,detection,
588000,13,23,315,299,0,46,25,16,3,24,41,55,0,0,588,detection,
1708000,28,27,327,318,0,8,8,9,4,4,18,5,0,0,1708,detection,
1236000,22,11,278,275,0,14,25,33,13,15,57,12,0,0,1236,detection,
542000,26,28,275,270,0,10,2,4,6,3,52,27,0,0,542,detection,
1110000,22,24,270,271,0,5,13,4,4,1,21,4,0,0,1110,detection,
319000,14,28,288,280,0,11,4,3,37,18,24,35,0,0,319,detection,
726000,19,17,276,321,0,29,8,27,7,3,11,6,0,0,726,detection,
1227000,17,22,327,299,0,5,22,18,16,4,24,22,0,0,1227,detection,
1329000,21,22,272,287,0,23,9,5,58,2,12,0,0,0,1329,detection,
374000,18,4,310,325,0,2,23,19,8,6,18,11,0,0,374,detection,
1636000,18,21,327,272,0,8,2,20,33,7,16,7,0,0,1636,detection,
97000,13,17,278,288,0,15,3,7,8,3,14,22,0,0,97,detection,
1650000,19,21,289,286,0,9,6,4,17,18,28,13,0,0,1650,detection,
1541000,29,19,324,316,0,13,25,10,10,1,21,13,0,0,1541,detection,
95000,26,19,323,303,0,0,9,14,9,10,16,1,0,0,95,detection,
336000,16,26,308,271,0,1,0,14,18,29,5,4,0,0,336,detection,
166000,23,30,304,312,0,10,1,13,9,14,8,20,0,0,166,detection,
625000,19,14,324,301,0,3,2,16,10,9,60,54,0,0,625,detection,
212000,23,26,321,313,0,18,35,5,2,28,37,2,0,0,212,detection,
456000,12,28,327,296,0,23,20,15,1,24,10,29,0,0,456,detection,
659000,18,30,271,293,0,8,15,15,12,1,37,7,0,0,659,detection,
755000,22,13,297,292,0,4,13,6,3,6,2,7,0,0,755,detection,
808000,20,28,297,314,0,18,31,11,4,2,59,23,0,0,808,detection,
533000,27,26,307,285,0,5,15,2,2,6,38,19,0,0,533,detection,
1032000,19,11,306,319,0,6,3,12,1,28,22,8,0,0,1032,detection,
1580000,15,21,291,322,0,28,18,13,14,6,62,2,0,0,1580,detection,
908000,13,18,324,319,0,5,7,17,7,8,21,5,0,0,908,detection,
1632000,16,13,323,296,0,3,11,45,21,9,24,4,0,0,1632,detection,
246000,25,26,312,324,0,33,24,11,34,22,49,9,0,0,246,detection,
358000,11,22,291,274,0,11,5,17,11,5,34,14,0,0,358,detection,
392000,16,3,306,296,0,10,5,9,2,10,70,42,0,0,392,detection,
996000,14,15,280,314,0,5,19,8,9,21,19,13,0,0,996,detection,
668000,24,3,276,286,0,6,16,21,17,28,23,1,0,0,668,detection,
423000,4,27,273,294,0,4,32,1,10,4,30,29,0,0,423,detection,
1718000,16,11,308,292,0,3,3,8,8,1,31,11,0,0,1718,detection,
1450000,16,26,307,310,0,15,6,25,1,16,15,12,0,0,1450,detection,
1029000,23,13,312,328,0,1,3,4,5,4,9,2,0,0,1029,detection,
767000,25,16,296,313,0,18,0,8,15,12,28,10,0,0,767,detection,
1733000,17,25,323,273,0,43,3,15,2,1,11,9,0,0,1733,detection,
975000,11,17,298,287,0,7,14,9,26,14,16,9,0,0,975,detection,
829000,30,20,312,314,0,14,4,14,5,6,28,29,0,0,829,detection,
469000,19,15,302,320,0,18,8,21,10,5,21,10,0,0,469,detection,
548000,27,25,307,326,0,30,2,7,6,1,40,16,0,0,548,detection,
1228000,19,23,297,322,0,25,5,16,7,13,55,17,0,0,1228,detection,
1239000,16,11,327,292,0,24,12,14,3,19,17,14,0,0,1239,detection,
485000,17,22,301,320,0,8,5,27,16,16,19,9,0,0,485,detection,
752000,20,23,310,328,0,43,16,6,3,15,12,2,0,0,752,detection,
826000,18,16,327,276,0,5,14,15,19,15,8,8,0,0,826,detection,
772000,25,14,329,307,0,10,11,19,31,13,59,22,0,0,772,detection,
639000,21,29,290,274,0,8,6,9,11,18,33,5,0,0,639,detection,
820000,3,15,319,328,0,6,21,15,23,1,18,15,0,0,820,detection,
77000,15,17,280,287,0,8,2,3,3,2,26,17,0,0,77,detection,
1711000,16,25,284,318,0,29,9,19,1,9,10,2,0,0,1711,detection,
982000,23,18,282,299,0,15,19,24,8,27,34,9,0,0,982,detection,
933000,15,17,314,313,0,8,4,10,12,2,41,3,0,0,933,detection,
1317000,3,4,329,298,0,24,10,11,9,7,37,13,0,0,1317,detection,
1237000,20,12,295,323,0,8,13,7,23,2,46,19,0,0,1237,detection,
1255000,13,20,281,287,0,1,27,4,4,14,39,3,0,0,1255,detection,
1024000,25,22,301,291,0,26,10,4,3,24,5,13,0,0,1024,detection,
1431000,18,23,296,321,0,21,12,9,1,13,37,20,0,0,1431,detection,
401000,15,29,274,311,0,4,16,16,15,12,47,1,0,0,401,detection,
336000,23,24,316,275,0,5,13,10,1,15,37,20,0,0,336,detection,
1198000,12,22,284,285,0,17,20,2,15,0,68,3,0,0,1198,detection,
295000,26,24,303,273,0,18,5,14,19,7,18,3,0,0,295,detection,
578000,25,24,293,300,0,5,6,17,1,17,36,10,0,0,578,detection,
906000,21,22,328,279,0,29,17,24,23,8,32,1,0,0,906,detection,
124000,4,27,292,276,0,22,10,24,8,4,15,9,0,0,124,detection,
556000,30,14,327,325,0,10,9,3,5,3,48,24,0,0,556,detection,
108000,28,27,272,328,0,8,9,16,16,25,32,38,0,0,108,detection,
909000,12,15,312,272,0,22,28,24,9,1,36,6,0,0,909,detection,
1087000,23,4,276,312,0,23,5,1,7,22,20,1,0,0,1087,detection,
683000,18,23,320,310,0,25,11,25,0,11,27,19,0,0,683,detection,
1264000,4,28,296,311,0,28,32,27,11,7,21,18,0,0,1264,detection,
636000,26,24,274,270,0,4,6,3,28,11,38,3,0,0,636,detection,
1562000,12,19,315,295,0,0,25,10,12,10,10,20,0,0,1562,detection,
210000,27,30,298,323,0,6,8,13,6,11,20,8,0,0,210,detection,
877000,21,27,279,319,0,12,10,12,5,27,40,3,0,0,877,detection,
147000,22,4,311,288,0,7,5,11,23,5,67,25,0,0,147,detection,
682000,3,23,282,307,0,14,8,2,33,0,50,23,0,0,682,detection,
743000,16,26,302,302,0,9,14,14,11,6,34,3,0,0,743,detection,
1351000,19,25,279,290,0,13,23,13,40,23,43,4,0,0,1351,detection,
491000,13,17,305,285,0,6,17,5,2,31,42,2,0,0,491,detection,
664000,3,12,310,274,0,19,17,5,9,1,21,19,0,0,664,detection,
164000,16,18,292,303,0,12,14,55,11,18,23,13,0,0,164,detection,
766000,17,24,299,328,0,4,2,4,7,22,20,14,0,0,766,detection,
989000,29,24,309,291,0,5,21,16,6,0,33,16,0,0,989,detection,
642000,28,4,273,290,0,1,1,25,45,6,28,9,0,0,642,detection,
1266000,24,27,309,277,0,14,13,14,25,22,65,2,0,0,1266,detection,
627000,17,25,280,311,0,3,7,31,17,28,72,1,0,0,627,detection,
485000,25,11,283,320,0,17,3,12,2,8,24,43,0,0,485,detection,
1404000,30,3,323,279,0,13,21,3,12,5,61,11,0,0,1404,detection,
492000,18,11,282,278,0,11,3,8,13,6,27,15,0,0,492,detection,
834000,3,29,299,293,0,3,2,10,7,18,20,26,0,0,834,detection,
1707000,20,28,281,289,0,15,17,29,15,63,20,18,0,0,1707,detection,
618000,13,18,311,272,0,10,1,16,15,1,30,9,0,0,618,detection,
1153000,17,27,305,303,0,21,47,6,1,6,20,2,0,0,1153,detection,
443000,15,3,288,319,0,4,7,14,9,46,17,25,0,0,443,detection,
1410000,20,13,325,279,0,9,12,2,10,20,70,20,0,0,1410,detection,
1157000,19,21,301,285,0,15,13,9,1,13,53,3,0,0,1157,detection,
179000,11,17,296,292,0,5,11,13,10,17,12,5,0,0,179,detection,
1214000,28,29,302,301,0,3,4,10,20,0,45,6,0,0,1214,detection,
902000,4,15,305,318,0,3,23,4,12,11,13,9,0,0,902,detection,
69000,4,24,273,323,0,6,41,4,1,3,14,31,0,0,69,detection,
771000,15,30,314,309,0,18,18,32,14,13,37,5,0,0,771,detection,
1685000,13,21,281,326,0,23,29,3,7,13,43,13,0,0,1685,detection,
799000,24,29,312,278,0,9,6,4,21,15,11,26,0,0,799,detection,
428000,19,22,292,322,0,42,43,3,2,3,29,24,0,0,428,detection,
1677000,3,27,317,294,0,23,16,2,35,9,21,4,0,0,1677,detection,
1132000,11,27,287,312,0,2,9,4,10,8,39,6,0,0,1132,detection,
247000,4,23,314,311,0,6,8,12,24,3,73,9,0,0,247,detection,
332000,11,17,287,279,0,3,3,26,1,7,52,13,0,0,332,detection,
431000,23,24,319,317,0,7,17,5,6,21,13,31,0,0,431,detection,
1679000,22,26,285,327,0,17,17,17,6,3,50,7,0,0,1679,detection,
633000,4,3,285,287,0,10,3,10,14,6,53,9,0,0,633,detection,
1475000,20,26,290,305,0,12,2,7,3,33,30,25,0,0,1475,detection,
1348000,22,13,282,300,0,37,1,27,6,24,45,8,0,0,1348,detection,
910000,20,16,329,291,0,12,8,6,12,17,20,14,0,0,910,detection,
818000,27,19,316,316,0,6,16,9,21,3,31,9,0,0,818,detection,
633000,22,3,326,313,0,7,0,39,17,6,4,13,0,0,633,detection,
78000,13,28,317,298,0,33,11,11,11,5,9,8,0,0,78,detection,
1480000,14,26,317,323,0,11,4,32,18,1,20,0,0,0,1480,detection,
1003000,12,23,300,301,0,27,5,10,24,8,10,13,0,0,1003,detection,
693000,25,15,325,302,0,8,31,6,8,8,37,5,0,0,693,detection,
974000,30,13,282,272,0,3,9,2,15,12,23,10,0,0,974,detection,
118000,16,26,273,291,0,33,8,2,16,5,21,17,0,0,118,detection,
730000,28,14,271,285,0,4,7,3,4,8,27,10,0,0,730,detection,
1179000,26,23,288,284,0,4,10,17,5,10,35,13,0,0,1179,detection,
753000,15,26,288,303,0,8,2,15,11,6,8,31,0,0,753,detection,
1210000,11,25,319,324,0,12,2,7,7,3,10,12,0,0,1210,detection,
412000,21,30,297,328,0,5,9,5,3,51,10,8,0,0,412,detection,
1574000,13,24,296,304,0,6,0,21,4,15,10,13,0,0,1574,detection,
1338000,30,22,301,321,0,11,4,41,19,6,22,20,0,0,1338,detection,
375000,27,20,283,326,0,3,6,23,7,17,39,9,0,0,375,detection,
1312000,14,29,286,306,0,30,17,26,6,19,3,4,0,0,1312,detection,
1173000,30,16,314,279,0,20,1,9,9,19,27,9,0,0,1173,detection,
253000,20,24,328,272,0,9,4,5,24,31,17,5,0,0,253,detection,
1445000,16,12,275,325,0,4,15,9,8,2,58,14,0,0,1445,detection,
858000,16,29,284,285,0,7,21,8,11,28,6,20,0,0,858,detection,
252000,24,12,276,304,0,7,22,7,27,17,22,16,0,0,252,detection,
376000,12,25,290,277,0,15,2,12,16,8,43,10,0,0,376,detection,
1640000,11,26,297,287,0,2,11,2,7,5,9,1,0,0,1640,detection,
154000,18,11,313,310,0,11,32,25,8,14,49,18,0,0,154,detection,
1457000,26,3,281,323,0,3,17,13,9,5,14,3,0,0,1457,detection,
461000,25,22,291,274,0,4,9,22,34,3,8,5,0,0,461,detection,
272000,28,4,288,304,0,11,12,7,6,20,5,8,0,0,272,detection,
293000,28,24,304,311,0,34,14,4,4,9,27,5,0,0,293,detection,
907000,14,29,278,320,0,4,10,21,31,14,6,5,0,0,907,detection,
1554000,16,25,313,278,0,13,15,25,13,9,39,11,0,0,1554,detection,
1555000,15,25,320,284,0,9,13,3,1,3,37,53,0,0,1555,detection,
1509000,20,21,279,279,0,4,14,16,6,21,31,27,0,0,1509,detection,
297000,14,22,287,270,0,11,14,3,3,2,45,6,0,0,297,detection,
518000,17,29,308,326,0,9,10,19,35,1,42,5,0,0,518,detection,
1740000,30,25,301,315,0,6,4,4,8,5,13,20,0,0,1740,detection,
855000,25,11,309,295,0,29,5,5,8,15,11,2,0,0,855,detection,
808000,30,24,274,274,0,24,18,2,1,2,19,12,0,0,808,detection,
1357000,13,21,275,286,0,5,23,7,6,15,10,12,0,0,1357,detection,
1499000,15,14,293,301,0,8,10,11,3,2,21,5,0,0,1499,detection,
1630000,23,3,315,305,0,3,8,12,18,6,29,7,0,0,1630,detection,
379000,18,14,320,329,0,7,4,25,4,21,14,9,0,0,379,detection,
922000,12,4,309,294,0,16,19,26,5,6,33,6,0,0,922,detection,
331000,29,11,310,293,0,5,32,20,6,13,43,12,0,0,331,detection,
167000,30,18,311,312,0,22,19,11,7,3,22,27,0,0,167,detection,
1718000,27,16,313,304,0,18,16,54,20,12,13,6,0,0,1718,detection,
255000,27,4,318,317,0,8,21,5,36,8,24,3,0,0,255,detection,
349000,21,15,305,293,0,3,2,7,8,17,67,24,0,0,349,detection,
541000,12,26,282,279,0,14,13,2,6,32,11,14,0,0,541,detection,
1453000,29,22,311,310,0,16,11,6,5,10,38,7,0,0,1453,detection,
1656000,15,23,319,274,0,34,1,26,24,12,25,18,0,0,1656,detection,
130000,20,25,315,324,0,6,15,5,17,8,46,19,0,0,130,detection,
542000,16,15,326,317,0,25,5,16,1,14,40,6,0,0,542,detection,
865000,29,21,283,276,0,16,14,23,19,26,25,11,0,0,865,detection,
316000,22,29,312,289,0,1,11,3,5,4,7,10,0,0,316,detection,
1150000,29,5,262,505,-243,79,17,4,9,11,44,96,90,100,1150,detection,B
509000,22,5,262,505,-243,91,31,14,1,6,7,76,90,100,509,detection,B
565000,25,5,262,505,-243,90,12,1,1,11,14,90,90,100,565,detection,B
422000,24,5,262,505,-243,91,8,30,5,2,14,68,90,100,422,detection,B
959000,11,5,262,505,-243,80,1,3,41,26,2,92,90,100,959,detection,B
1031000,30,5,262,505,-243,95,0,4,19,3,24,74,90,100,1031,detection,B
721000,16,5,262,505,-243,93,10,7,6,16,16,61,90,100,721,detection,B
1211000,17,5,262,505,-243,89,26,37,13,13,3,77,90,100,1211,detection,B
878000,23,5,262,505,-243,89,12,1,5,17,11,91,90,100,878,detection,B
697000,13,5,262,505,-243,88,2,40,14,26,27,73,90,100,697,detection,B
1512000,17,5,262,505,-243,80,12,5,7,3,48,80,90,100,1512,detection,B
1000000,27,5,262,505,-243,97,3,15,18,3,1,100,90,100,1000,detection,B
615000,30,5,262,505,-243,86,11,2,11,5,1,96,90,100,615,detection,B
1726000,22,5,262,505,-243,79,29,32,6,6,43,98,90,100,1726,detection,B
1369000,20,5,262,505,-243,81,1,29,34,3,48,96,90,100,1369,detection,B
1194000,28,5,262,505,-243,91,11,18,7,9,37,73,90,100,1194,detection,B
549000,25,5,262,505,-243,94,12,14,11,8,12,95,90,100,549,detection,B
1292000,25,5,262,505,-243,84,1,4,2,0,19,80,90,100,1292,detection,B
505000,26,5,262,505,-243,80,13,3,4,21,9,63,90,100,505,detection,B
718000,29,5,262,505,-243,99,39,4,8,5,2,65,90,100,718,detection,B
1082000,19,5,262,505,-243,100,24,12,24,24,8,79,90,100,1082,detection,B
730000,3,5,262,505,-243,96,1,16,9,1,9,89,90,100,730,detection,B
1279000,13,5,262,505,-243,80,13,1,6,17,20,71,90,100,1279,detection,B
1557000,4,5,262,505,-243,99,7,22,18,27,29,89,90,100,1557,detection,B
1360000,14,5,262,505,-243,93,2,16,15,30,39,64,90,100,1360,detection,B
393000,14,5,262,505,-243,79,5,14,23,19,7,71,90,100,393,detection,B
1200000,19,5,262,505,-243,91,6,33,7,1,42,94,90,100,1200,detection,B
916000,13,5,262,505,-243,85,4,25,10,31,5,93,90,100,916,detection,B
421000,20,5,262,505,-243,82,44,15,4,11,2,84,90,100,421,detection,B
496000,13,5,262,505,-243,83,8,18,37,8,24,74,90,100,496,detection,B
1337000,21,5,262,505,-243,84,16,3,9,28,13,86,90,100,1337,detection,B
1669000,29,5,262,505,-243,95,13,16,7,20,18,72,90,100,1669,detection,B
456000,27,5,262,505,-243,90,10,12,2,2,52,73,90,100,456,detection,B
384000,26,5,262,505,-243,91,15,3,39,15,19,91,90,100,384,detection,B
436000,3,5,262,505,-243,86,33,37,19,1,7,82,90,100,436,detection,B
1309000,11,5,262,505,-243,82,7,31,11,21,47,86,90,100,1309,detection,B
1556000,30,5,262,505,-243,89,20,5,14,2,28,75,90,100,1556,detection,B
307000,19,5,262,505,-243,93,8,14,1,15,32,62,90,100,307,detection,B
323000,15,5,262,505,-243,99,4,2,10,18,12,62,90,100,323,detection,B
1301000,14,5,262,505,-243,83,4,11,7,4,4,64,90,100,1301,detection,B
575000,21,5,262,505,-243,93,13,27,37,16,11,97,90,100,575,detection,B
503000,13,5,262,505,-243,82,3,7,6,11,5,78,90,100,503,detection,B
1411000,15,5,262,505,-243,93,9,10,64,3,18,61,90,100,1411,detection,B
567000,17,5,262,505,-243,91,11,1,2,13,6,99,90,100,567,detection,B
1240000,3,5,262,505,-243,78,6,2,18,23,3,75,90,100,1240,detection,B
745000,15,5,262,505,-243,99,20,26,1,18,2,60,90,100,745,detection,B
724000,28,5,262,505,-243,100,35,15,4,4,20,95,90,100,724,detection,B
821000,23,5,262,505,-243,95,17,36,11,7,32,86,90,100,821,detection,B
718000,20,5,262,505,-243,84,3,22,8,3,31,61,90,100,718,detection,B
437000,22,5,262,505,-243,79,10,2,38,5,24,69,90,100,437,detection,B
973000,3,5,262,505,-243,83,28,1,7,26,43,73,90,100,973,detection,B
339000,23,5,262,505,-243,93,3,15,2,16,3,84,90,100,339,detection,B
1135000,23,5,262,505,-243,97,18,2,14,32,20,74,90,100,1135,detection,B
959000,16,5,262,505,-243,89,13,16,9,23,13,97,90,100,959,detection,B
897000,20,5,262,505,-243,80,2,1,5,3,9,68,90,100,897,detection,B
1208000,24,5,262,505,-243,80,3,4,16,11,10,73,90,100,1208,detection,B
636000,27,5,262,505,-243,96,7,7,12,1,17,60,90,100,636,detection,B
334000,15,5,262,505,-243,84,9,23,2,2,7,82,90,100,334,detection,B
1598000,30,5,262,505,-243,82,3,9,9,26,4,80,90,100,1598,detection,B
1611000,28,5,262,505,-243,93,3,22,8,5,3,63,90,100,1611,detection,B
768000,16,5,262,505,-243,99,3,3,13,26,21,60,90,100,768,detection,B
1317000,16,5,262,505,-243,95,3,6,10,14,26,95,90,100,1317,detection,B
1327000,22,5,262,505,-243,79,16,8,23,21,16,67,90,100,1327,detection,B
1373000,4,5,262,505,-243,100,23,1,3,13,16,80,90,100,1373,detection,B
1021000,14,5,262,505,-243,91,2,13,1,16,43,86,90,100,1021,detection,B
531000,21,5,262,505,-243,97,20,15,10,15,36,78,90,100,531,detection,B
1400000,4,5,262,505,-243,86,9,13,11,3,27,61,90,100,1400,detection,B
541000,26,5,262,505,-243,90,11,21,1,32,4,82,90,100,541,detection,B
1235000,20,5,262,505,-243,99,11,7,5,10,23,83,90,100,1235,detection,B
1175000,23,5,262,505,-243,93,7,8,4,28,6,86,90,100,1175,detection,B
1388000,22,5,262,505,-243,80,8,16,8,14,49,77,90,100,1388,detection,B
814000,14,5,262,505,-243,87,13,9,8,2,6,64,90,100,814,detection,B
381000,25,5,262,505,-243,96,14,9,21,1,15,61,90,100,381,detection,B
1076000,13,5,262,505,-243,78,15,8,9,8,13,73,90,100,1076,detection,B
1063000,12,5,262,505,-243,95,14,11,11,20,7,87,90,100,1063,detection,B
1550000,11,5,262,505,-243,93,11,50,1,7,2,81,90,100,1550,detection,B
448000,13,5,262,505,-243,99,44,1,15,8,19,92,90,100,448,detection,B
1288000,21,5,262,505,-243,96,4,3,9,1,24,91,90,100,1288,detection,B
874000,18,5,262,505,-243,99,9,5,14,11,29,60,90,100,874,detection,B
1235000,25,5,262,505,-243,86,7,22,11,6,6,71,90,100,1235,detection,B
639000,14,5,262,505,-243,86,26,6,22,1,19,100,90,100,639,detection,B
300000,12,5,262,505,-243,86,11,42,7,0,35,97,90,100,300,detection,B
1424000,20,5,262,505,-243,81,12,3,19,21,30,98,90,100,1424,detection,B
1212000,29,5,262,505,-243,92,12,3,11,9,18,66,90,100,1212,detection,B
1071000,17,5,262,505,-243,83,8,7,10,0,27,80,90,100,1071,detection,B
1387000,30,5,262,505,-243,80,8,8,4,2,26,94,90,100,1387,detection,B
757000,15,5,262,505,-243,98,5,4,15,4,7,99,90,100,757,detection,B
1228000,22,5,262,505,-243,98,13,26,42,31,9,71,90,100,1228,detection,B
612000,14,5,262,505,-243,96,16,12,12,6,19,77,90,100,612,detection,B
1746000,25,5,262,505,-243,99,16,15,5,14,11,96,90,100,1746,detection,B
111000,3,5,290,290,0,5,28,12,36,8,41,6,0,0,111,detection,
122000,4,5,290,290,0,5,11,5,15,33,41,8,0,0,122,detection,
121000,30,5,290,290,0,6,7,19,16,22,11,4,0,0,121,detection,
176000,29,5,290,290,0,3,9,9,0,6,18,41,0,0,176,detection,
78000,17,5,290,290,0,21,34,14,5,12,24,24,0,0,78,detection,
113000,22,5,290,290,0,20,17,9,5,6,14,9,0,0,113,detection,
65000,22,5,290,290,0,12,29,10,5,18,51,12,0,0,65,detection,
140000,20,5,290,290,0,26,10,9,2,3,14,1,0,0,140,detection,
1379000,12,27,316,327,0,13,24,11,28,3,60,19,0,0,1379,detection,
206000,20,27,274,313,0,15,0,41,4,12,15,12,0,0,206,detection,
453000,17,26,311,273,0,11,15,1,33,12,67,32,0,0,453,detection,
1084000,14,13,313,280,0,14,20,15,4,6,43,1,0,0,1084,detection,
451000,12,22,300,279,0,3,8,25,6,11,23,19,0,0,451,detection,
1665000,30,19,278,284,0,1,3,5,1,11,23,3,0,0,1665,detection,
498000,28,11,282,324,0,17,7,23,28,9,51,5,0,0,498,detection,
1563000,15,18,316,309,0,11,12,5,3,9,2,25,0,0,1563,detection,
1330000,15,14,290,309,0,16,22,39,54,7,42,7,0,0,1330,detection,
463000,11,4,289,304,0,13,27,7,9,10,30,8,0,0,463,detection,
1625000,3,28,295,316,0,18,21,5,5,29,16,11,0,0,1625,detection,
491000,29,24,281,328,0,11,20,10,1,14,16,20,0,0,491,detection,
1627000,17,3,289,297,0,22,6,38,16,13,18,8,0,0,1627,detection,
938000,11,14,279,301,0,9,15,6,11,0,29,6,0,0,938,detection,
195000,21,15,280,290,0,8,23,14,27,20,31,15,0,0,195,detection,
983000,19,14,323,313,0,3,37,15,8,1,17,16,0,0,983,detection,
938000,3,4,304,275,0,4,18,11,6,7,43,2,0,0,938,detection,
154000,14,24,287,296,0,3,16,14,10,14,36,10,0,0,154,detection,
935000,24,27,313,303,0,7,15,2,6,22,48,12,0,0,935,detection,
1180000,23,16,320,299,0,7,1,25,7,3,33,17,0,0,1180,detection,
1409000,29,26,295,306,0,3,15,16,27,17,35,6,0,0,1409,detection,
1638000,16,3,281,327,0,13,2,13,4,2,49,32,0,0,1638,detection,
322000,18,19,298,313,0,21,3,11,6,34,24,18,0,0,322,detection,
1559000,29,12,279,285,0,13,3,34,4,32,23,2,0,0,1559,detection,
135000,18,13,309,283,0,9,17,11,1,2,61,14,0,0,135,detection,
412000,21,16,325,320,0,7,17,10,18,27,27,0,0,0,412,detection,
1376000,11,30,292,315,0,1,3,27,23,1,21,7,0,0,1376,detection,
921000,24,16,299,290,0,11,11,4,10,49,58,3,0,0,921,detection,
623000,16,19,297,317,0,4,12,6,8,41,29,1,0,0,623,detection,
1418000,11,4,273,313,0,9,3,13,10,4,33,9,0,0,1418,detection,
220000,24,25,304,325,0,25,22,16,9,24,26,16,0,0,220,detection,
774000,12,27,281,286,0,5,4,2,5,16,49,8,0,0,774,detection,
420000,20,25,317,320,0,2,5,1,12,4,11,42,0,0,420,detection,
625000,12,16,310,321,0,3,6,7,8,16,31,9,0,0,625,detection,
1179000,28,27,307,304,0,12,17,13,2,3,9,16,0,0,1179,detection,
176000,30,13,272,324,0,11,24,17,12,14,51,23,0,0,176,detection,
592000,16,15,295,309,0,18,1,11,3,3,49,7,0,0,592,detection,
1378000,27,17,289,306,0,6,12,14,38,3,40,9,0,0,1378,detection,
1141000,17,11,319,270,0,14,17,4,5,1,18,6,0,0,1141,detection,
1399000,4,17,310,326,0,19,26,7,34,9,23,7,0,0,1399,detection,
120000,3,4,300,313,0,9,2,14,12,31,15,6,0,0,120,detection,
1353000,11,15,289,299,0,22,5,9,26,1,13,29,0,0,1353,detection,
1488000,19,14,285,284,0,9,15,36,5,4,25,5,0,0,1488,detection,
1572000,28,29,303,308,0,44,43,21,2,4,63,7,0,0,1572,detection,
1490000,3,24,279,303,0,46,22,8,33,10,29,9,0,0,1490,detection,
619000,27,17,321,292,0,26,5,2,17,5,21,8,0,0,619,detection,
1475000,20,29,272,321,0,9,24,5,4,17,22,7,0,0,1475,detection,
1191000,25,11,323,295,0,27,21,0,6,30,22,21,0,0,1191,detection,
208000,3,17,270,288,0,1,14,33,11,7,26,7,0,0,208,detection,
69000,12,11,306,291,0,27,22,15,25,4,41,10,0,0,69,detection,
616000,15,20,298,304,0,36,4,9,7,23,48,10,0,0,616,detection,
560000,14,28,270,322,0,31,2,18,2,4,68,7,0,0,560,detection,
1097000,21,17,271,323,0,14,18,21,32,18,27,2,0,0,1097,detection,
1463000,18,4,288,297,0,1,31,5,4,10,48,12,0,0,1463,detection,
783000,15,26,323,327,0,3,2,1,16,9,9,4,0,0,783,detection,
1687000,26,25,308,308,0,8,6,31,14,8,12,13,0,0,1687,detection,
345000,28,18,270,296,0,31,20,12,7,6,22,10,0,0,345,detection,
1129000,15,17,272,309,0,32,10,11,6,22,31,18,0,0,1129,detection,
735000,13,12,283,322,0,10,4,21,21,6,11,8,0,0,735,detection,
988000,26,24,274,281,0,24,19,13,25,1,43,11,0,0,988,detection,
546000,16,11,325,328,0,3,7,32,18,5,29,7,0,0,546,detection,
357000,3,4,301,279,0,8,13,12,21,5,61,22,0,0,357,detection,
143000,26,11,325,295,0,4,45,16,7,2,4,29,0,0,143,detection,
1348000,25,26,311,270,0,21,7,2,20,76,35,50,0,0,1348,detection,
895000,30,14,303,315,0,9,26,3,9,30,31,9,0,0,895,detection,
377000,24,30,322,296,0,10,18,6,51,10,57,3,0,0,377,detection,
1715000,14,22,322,285,0,10,12,2,19,17,27,10,0,0,1715,detection,
814000,24,11,278,284,0,2,10,23,8,0,6,8,0,0,814,detection,
119000,27,22,329,280,0,14,32,25,8,19,20,13,0,0,119,detection,
445000,3,16,324,287,0,12,13,4,9,9,36,14,0,0,445,detection,
443000,15,20,272,291,0,12,5,21,8,7,31,13,0,0,443,detection,
851000,23,17,287,276,0,16,1,3,1,9,30,15,0,0,851,detection,
1057000,3,4,282,293,0,4,17,5,20,19,7,16,0,0,1057,detection,
1461000,21,25,289,282,0,25,42,21,65,0,12,50,0,0,1461,detection,
1140000,19,4,298,317,0,24,30,16,5,15,43,8,0,0,1140,detection,
757000,28,18,285,270,0,17,5,36,19,7,66,22,0,0,757,detection,
1564000,17,29,276,309,0,6,39,14,26,19,10,13,0,0,1564,detection,
957000,15,16,316,306,0,2,10,10,11,15,51,16,0,0,957,detection,
400000,24,23,286,286,0,2,2,10,10,17,21,14,0,0,400,detection,
397000,30,19,286,325,0,9,5,1,2,10,33,2,0,0,397,detection,
326000,23,15,304,318,0,7,10,5,6,17,37,22,0,0,326,detection,
928000,13,29,287,279,0,13,19,20,18,7,51,7,0,0,928,detection,
1416000,22,28,322,293,0,4,2,3,23,1,34,4,0,0,1416,detection,
246000,12,26,320,313,0,13,25,13,6,6,52,2,0,0,246,detection,
1277000,14,30,298,308,0,3,52,12,14,2,29,9,0,0,1277,detection,
114000,25,17,295,291,0,19,15,16,0,9,13,4,0,0,114,detection,
852000,28,19,313,328,0,22,10,21,10,33,17,12,0,0,852,detection,
123000,21,15,272,294,0,17,14,4,2,14,47,8,0,0,123,detection,
1411000,14,21,276,289,0,15,9,7,12,9,13,7,0,0,1411,detection,
1578000,18,15,301,293,0,9,4,19,6,21,4,16,0,0,1578,detection,
1042000,24,16,309,299,0,6,25,16,5,23,50,10,0,0,1042,detection,
1227000,26,28,325,289,0,11,3,7,7,12,54,5,0,0,1227,detection,
1711000,28,30,278,322,0,12,22,13,17,2,33,8,0,0,1711,detection,
515000,18,19,274,313,0,24,30,1,5,9,12,3,0,0,515,detection,
1514000,24,11,314,274,0,17,8,14,13,47,12,3,0,0,1514,detection,
1126000,28,14,329,311,0,7,7,14,2,9,50,23,0,0,1126,detection,
1741000,4,24,299,299,0,5,39,14,18,10,43,24,0,0,1741,detection,
1409000,11,15,314,295,0,2,14,21,1,4,52,14,0,0,1409,detection,
1316000,15,19,291,325,0,8,8,2,8,6,33,13,0,0,1316,detection,
132000,3,22,299,317,0,38,18,21,6,4,11,3,0,0,132,detection,
699000,25,30,299,307,0,10,6,3,36,35,46,21,0,0,699,detection,
416000,21,19,301,298,0,4,1,18,3,5,24,2,0,0,416,detection,
1098000,11,16,325,292,0,22,7,39,4,26,7,13,0,0,1098,detection,
881000,14,21,296,329,0,9,14,12,40,29,13,10,0,0,881,detection,
640000,20,28,302,329,0,12,2,5,34,19,4,1,0,0,640,detection,
1745000,29,15,324,316,0,18,5,9,5,19,20,6,0,0,1745,detection,
1337000,27,21,304,309,0,2,7,0,16,3,15,3,0,0,1337,detection,
1050000,24,27,273,273,0,39,18,3,20,6,23,4,0,0,1050,detection,
171000,27,28,300,305,0,10,19,14,12,5,35,13,0,0,171,detection,
1616000,4,19,273,308,0,28,4,9,3,3,24,38,0,0,1616,detection,
1015000,23,11,323,318,0,4,5,2,4,9,19,4,0,0,1015,detection,
1154000,17,29,298,323,0,8,9,42,1,53,14,26,0,0,1154,detection,
1084000,30,18,326,272,0,6,22,41,16,25,32,2,0,0,1084,detection,
1010000,27,20,285,272,0,15,3,28,16,22,46,7,0,0,1010,detection,
259000,12,15,293,276,0,2,4,27,5,9,31,23,0,0,259,detection,
526000,18,4,300,328,0,9,4,3,18,3,34,17,0,0,526,detection,
1576000,20,11,329,294,0,30,39,4,19,28,35,18,0,0,1576,detection,
351000,28,30,308,307,0,54,21,1,1,2,26,10,0,0,351,detection,
1468000,30,3,274,289,0,7,12,5,9,12,32,1,0,0,1468,detection,
1405000,25,14,312,306,0,10,42,1,9,19,23,11,0,0,1405,detection,
739000,26,18,310,316,0,24,12,15,25,40,49,6,0,0,739,detection,
363000,3,30,299,293,0,1,13,7,6,18,19,8,0,0,363,detection,
1746000,3,21,297,323,0,10,6,1,14,8,21,8,0,0,1746,detection,
1128000,17,27,296,303,0,4,5,3,25,36,15,6,0,0,1128,detection,
151000,30,25,295,295,0,22,5,12,10,0,45,32,0,0,151,detection,
142000,12,26,318,291,0,9,7,1,8,9,58,48,0,0,142,detection,
211000,14,30,278,327,0,41,31,6,22,1,22,13,0,0,211,detection,
1469000,23,12,270,307,0,12,12,25,20,5,37,5,0,0,1469,detection,
423000,25,24,283,304,0,9,4,53,15,4,34,10,0,0,423,detection,
1131000,11,20,291,296,0,16,13,1,23,4,55,3,0,0,1131,detection,
848000,26,21,272,273,0,16,7,3,2,6,12,23,0,0,848,detection,
917000,12,27,286,310,0,8,3,23,8,23,10,10,0,0,917,detection,
472000,25,4,325,279,0,1,21,20,10,9,19,4,0,0,472,detection,
1388000,3,16,295,274,0,10,15,9,20,16,12,4,0,0,1388,detection,
1066000,18,20,295,316,0,31,5,25,7,11,9,4,0,0,1066,detection,
286000,3,22,288,305,0,11,9,10,6,2,13,3,0,0,286,detection,
1532000,3,15,326,282,0,2,8,2,8,1,40,3,0,0,1532,detection,
609000,24,20,317,306,0,8,29,3,2,6,64,19,0,0,609,detection,
590000,29,12,275,278,0,29,14,1,2,5,18,20,0,0,590,detection,
1056000,19,28,325,272,0,15,6,10,5,15,63,25,0,0,1056,detection,
1129000,17,30,328,284,0,6,9,6,20,7,16,38,0,0,1129,detection,
1552000,29,17,327,292,0,26,12,2,11,3,16,1,0,0,1552,detection,
1624000,11,27,297,274,0,7,4,17,13,22,38,24,0,0,1624,detection,
1351000,14,26,310,283,0,13,5,2,7,24,40,18,0,0,1351,detection,
779000,16,21,310,272,0,19,18,10,25,13,14,5,0,0,779,detection,
1577000,12,22,276,295,0,6,23,7,21,2,36,26,0,0,1577,detection,
725000,30,13,293,308,0,7,11,10,6,31,41,5,0,0,725,detection,
1218000,13,23,321,286,0,6,30,33,27,2,37,1,0,0,1218,detection,
1225000,18,30,303,306,0,23,8,10,27,4,21,2,0,0,1225,detection,
1036000,12,25,277,291,0,31,1,19,20,4,14,12,0,0,1036,detection,
657000,4,19,298,304,0,17,8,4,6,18,6,4,0,0,657,detection,
941000,13,17,290,326,0,8,22,11,7,28,34,12,0,0,941,detection,
706000,22,4,300,317,0,24,23,14,6,19,12,21,0,0,706,detection,
707000,3,12,322,272,0,4,5,4,4,5,25,28,0,0,707,detection,
461000,27,20,312,278,0,6,11,3,3,30,22,2,0,0,461,detection,
1606000,19,28,286,313,0,4,11,2,21,10,44,10,0,0,1606,detection,
621000,28,16,282,322,0,8,0,24,18,19,13,3,0,0,621,detection,
708000,3,22,284,289,0,2,9,20,1,5,37,10,0,0,708,detection,
1239000,18,14,305,277,0,8,9,10,18,7,45,11,0,0,1239,detection,
974000,11,12,305,278,0,19,7,4,3,8,41,10,0,0,974,detection,
1103000,22,16,274,284,0,16,20,14,23,15,39,5,0,0,1103,detection,
507000,18,30,323,309,0,6,11,17,21,8,52,19,0,0,507,detection,
967000,11,25,321,288,0,5,2,19,53,5,16,17,0,0,967,detection,
1103000,26,13,304,310,0,14,22,8,16,7,37,47,0,0,1103,detection,
315000,20,27,277,287,0,22,0,5,11,19,30,30,0,0,315,detection,
1339000,25,22,316,302,0,21,16,23,21,12,3,12,0,0,1339,detection,
77000,26,22,305,312,0,10,29,11,8,15,43,12,0,0,77,detection,
1727000,13,14,287,305,0,23,10,3,2,4,14,8,0,0,1727,detection,
1641000,29,20,317,276,0,12,16,4,3,1,22,10,0,0,1641,detection,
279000,3,4,329,325,0,4,10,7,20,22,9,23,0,0,279,detection,
1472000,17,27,323,305,0,14,2,13,1,15,38,4,0,0,1472,detection,
801000,25,23,302,287,0,5,5,15,3,36,43,27,0,0,801,detection,
1230000,21,12,327,312,0,11,3,18,14,29,67,6,0,0,1230,detection,
1727000,30,19,320,305,0,13,4,23,4,33,22,6,0,0,1727,detection,
294000,26,11,325,277,0,20,4,19,4,6,42,5,0,0,294,detection,
1367000,27,24,297,326,0,41,7,26,11,16,23,27,0,0,1367,detection,
948000,27,21,312,308,0,12,33,5,0,5,43,2,0,0,948,detection,
648000,25,18,306,312,0,7,22,11,9,23,13,35,0,0,648,detection,
1360000,25,15,314,279,0,7,3,10,12,19,14,3,0,0,1360,detection,
1574000,21,28,301,277,0,9,42,9,13,23,20,10,0,0,1574,detection,
698000,30,21,280,304,0,11,3,6,13,5,42,8,0,0,698,detection,
1039000,19,28,278,326,0,9,3,10,6,21,8,22,0,0,1039,detection,
828000,14,12,329,292,0,8,12,38,8,13,21,7,0,0,828,detection,
385000,19,17,313,317,0,5,8,2,9,7,6,39,0,0,385,detection,
1301000,28,22,301,317,0,3,4,2,24,27,55,15,0,0,1301,detection,
118000,11,27,272,303,0,1,3,18,34,8,15,13,0,0,118,detection,
117000,19,11,292,271,0,13,20,2,1,18,25,3,0,0,117,detection,
960000,4,20,286,325,0,16,20,31,40,14,38,6,0,0,960,detection,
311000,30,13,274,291,0,12,5,6,27,7,35,7,0,0,311,detection,
1032000,13,27,300,272,0,23,1,14,1,20,27,2,0,0,1032,detection,
703000,23,3,275,309,0,20,19,6,12,3,9,23,0,0,703,detection,
1286000,23,24,304,303,0,15,16,14,8,11,28,20,0,0,1286,detection,
1526000,16,12,279,283,0,3,13,12,5,11,25,11,0,0,1526,detection,
767000,17,14,306,279,0,2,21,7,5,19,38,6,0,0,767,detection,
804000,14,15,328,309,0,5,0,4,7,18,27,15,0,0,804,detection,
108000,29,25,324,285,0,26,30,14,37,20,34,6,0,0,108,detection,
1098000,22,14,287,289,0,17,5,18,51,7,42,24,0,0,1098,detection,
791000,25,23,324,302,0,8,1,2,1,18,41,11,0,0,791,detection,
1034000,3,16,276,312,0,14,40,10,22,50,50,4,0,0,1034,detection,
643000,16,27,327,305,0,4,14,22,8,8,18,13,0,0,643,detection,
1261000,23,19,280,277,0,3,12,13,15,7,42,8,0,0,1261,detection,
168000,12,28,296,315,0,14,46,6,5,2,30,2,0,0,168,detection,
996000,26,18,311,324,0,15,16,26,29,3,55,23,0,0,996,detection,
509000,12,27,302,322,0,13,24,5,5,24,1,32,0,0,509,detection,
303000,18,28,325,327,0,15,14,5,19,12,19,14,0,0,303,detection,
312000,4,28,313,278,0,16,13,2,11,9,23,17,0,0,312,detection,
1719000,14,24,311,310,0,5,9,11,3,12,13,5,0,0,1719,detection,
1686000,15,14,279,295,0,8,15,7,31,15,48,4,0,0,1686,detection,
448000,19,27,289,311,0,36,3,5,3,6,51,18,0,0,448,detection,
1354000,3,25,279,301,0,5,5,17,16,22,52,3,0,0,1354,detection,
370000,23,19,328,285,0,13,10,10,34,3,6,6,0,0,370,detection,
64000,16,22,317,272,0,6,6,13,19,12,45,1,0,0,64,detection,
206000,3,18,300,300,0,4,13,15,7,13,17,7,0,0,206,detection,
1713000,20,30,292,309,0,31,36,14,15,6,40,33,0,0,1713,detection,
928000,21,12,275,308,0,2,14,4,13,5,15,5,0,0,928,detection,
1425000,29,24,304,309,0,4,5,2,7,25,32,2,0,0,1425,detection,
493000,18,5,262,505,-243,87,7,37,6,14,37,94,90,100,493,detection,B
878000,22,5,262,505,-243,99,6,6,28,19,28,91,90,100,878,detection,B
586000,13,5,262,505,-243,98,3,4,13,5,54,83,90,100,586,detection,B
586000,28,5,262,505,-243,98,8,3,13,9,27,86,90,100,586,detection,B
880000,14,5,262,505,-243,99,16,10,3,14,14,84,90,100,880,detection,B
834000,15,5,262,505,-243,79,14,16,4,8,19,74,90,100,834,detection,B
772000,15,5,262,505,-243,89,28,6,16,6,14,89,90,100,772,detection,B
1202000,4,5,262,505,-243,99,7,6,21,20,22,99,90,100,1202,detection,B
827000,22,5,262,505,-243,81,10,6,3,16,12,67,90,100,827,detection,B
541000,11,5,262,505,-243,94,34,32,6,7,16,98,90,100,541,detection,B
1605000,24,5,262,505,-243,82,1,6,6,9,20,81,90,100,1605,detection,B
638000,17,5,262,505,-243,79,2,13,11,7,12,97,90,100,638,detection,B
1465000,15,5,262,505,-243,91,8,37,20,20,40,87,90,100,1465,detection,B
829000,20,5,262,505,-243,81,11,10,4,4,9,89,90,100,829,detection,B
571000,28,5,262,505,-243,93,20,5,17,11,12,72,90,100,571,detection,B
1475000,18,5,262,505,-243,99,20,10,4,15,11,95,90,100,1475,detection,B
627000,3,5,262,505,-243,79,20,6,12,33,24,73,90,100,627,detection,B
408000,23,5,262,505,-243,89,8,2,16,27,22,77,90,100,408,detection,B
1425000,25,5,262,505,-243,91,15,18,25,2,8,93,90,100,1425,detection,B
1713000,13,5,262,505,-243,95,22,6,25,43,8,85,90,100,1713,detection,B
954000,25,5,262,505,-243,88,6,15,19,14,2,74,90,100,954,detection,B
721000,24,5,262,505,-243,83,11,4,17,5,25,87,90,100,721,detection,B
457000,25,5,262,505,-243,84,12,23,31,9,14,80,90,100,457,detection,B
1721000,19,5,262,505,-243,87,15,12,9,11,11,84,90,100,1721,detection,B
443000,28,5,262,505,-243,100,32,11,2,4,8,90,90,100,443,detection,B
558000,15,5,262,505,-243,95,8,22,9,6,12,88,90,100,558,detection,B
498000,3,5,262,505,-243,80,11,40,5,15,11,77,90,100,498,detection,B
1042000,3,5,262,505,-243,95,27,35,9,10,8,66,90,100,1042,detection,B
978000,12,5,262,505,-243,80,27,37,18,19,35,84,90,100,978,detection,B
1423000,28,5,262,505,-243,95,17,6,3,38,11,91,90,100,1423,detection,B
433000,19,5,262,505,-243,81,36,2,34,3,6,60,90,100,433,detection,B
811000,11,5,262,505,-243,81,8,9,1,3,14,76,90,100,811,detection,B
1516000,17,5,262,505,-243,98,2,5,33,3,10,84,90,100,1516,detection,B
300000,23,5,262,505,-243,85,1,20,27,30,8,89,90,100,300,detection,B
886000,28,5,262,505,-243,89,21,21,9,31,36,67,90,100,886,detection,B
1015000,18,5,262,505,-243,87,16,1,12,38,19,65,90,100,1015,detection,B
865000,3,5,262,505,-243,92,3,6,10,17,12,69,90,100,865,detection,B
1539000,4,5,262,505,-243,91,7,18,5,6,12,72,90,100,1539,detection,B
1168000,4,5,262,505,-243,81,8,33,16,0,44,72,90,100,1168,detection,B
838000,16,5,262,505,-243,84,8,8,2,14,6,87,90,100,838,detection,B
1056000,30,5,262,505,-243,84,9,12,8,23,2,84,90,100,1056,detection,B
1453000,14,5,262,505,-243,81,2,22,2,6,27,65,90,100,1453,detection,B
368000,14,5,262,505,-243,87,2,5,31,4,6,99,90,100,368,detection,B
831000,12,5,262,505,-243,91,9,25,19,16,35,99,90,100,831,detection,B
816000,23,5,262,505,-243,89,18,7,6,3,19,87,90,100,816,detection,B
440000,14,5,262,505,-243,98,7,1,25,27,14,67,90,100,440,detection,B
803000,15,5,262,505,-243,87,5,15,27,0,8,91,90,100,803,detection,B
1070000,22,5,262,505,-243,88,10,10,8,1,20,79,90,100,1070,detection,B
1003000,22,5,262,505,-243,100,8,9,21,13,63,95,90,100,1003,detection,B
1417000,29,5,262,505,-243,90,31,13,9,6,9,83,90,100,1417,detection,B
1592000,26,5,262,505,-243,97,18,15,33,8,29,93,90,100,1592,detection,B
1513000,19,5,262,505,-243,91,30,38,6,6,66,62,90,100,1513,detection,B
398000,17,5,262,505,-243,81,21,7,8,20,40,84,90,100,398,detection,B
736000,4,5,262,505,-243,98,9,9,2,18,18,92,90,100,736,detection,B
491000,15,5,262,505,-243,89,17,8,5,20,43,88,90,100,491,detection,B
1129000,20,5,262,505,-243,86,26,5,5,19,6,75,90,100,1129,detection,B
1202000,16,5,262,505,-243,80,19,8,3,19,3,78,90,100,1202,detection,B
1116000,26,5,262,505,-243,100,9,0,3,1,37,89,90,100,1116,detection,B
807000,23,5,262,505,-243,86,2,8,17,25,22,71,90,100,807,detection,B
535000,11,5,262,505,-243,98,16,2,2,8,15,89,90,100,535,detection,B
717000,30,5,262,505,-243,85,22,22,8,1,11,91,90,100,717,detection,B
1346000,19,5,262,505,-243,95,13,33,10,24,38,83,90,100,1346,detection,B
1557000,27,5,262,505,-243,78,31,8,10,7,19,92,90,100,1557,detection,B
866000,26,5,262,505,-243,93,2,15,11,21,4,98,90,100,866,detection,B
1170000,14,5,262,505,-243,86,9,4,6,17,18,99,90,100,1170,detection,B
1526000,12,5,262,505,-243,90,18,5,17,4,3,95,90,100,1526,detection,B
920000,18,5,262,505,-243,83,11,5,3,3,11,66,90,100,920,detection,B
571000,25,5,262,505,-243,89,17,1,29,11,30,94,90,100,571,detection,B
1246000,12,5,262,505,-243,80,21,9,13,9,14,94,90,100,1246,detection,B
1176000,13,5,262,505,-243,90,5,1,6,1,1,81,90,100,1176,detection,B
370000,20,5,262,505,-243,99,21,14,7,3,20,77,90,100,370,detection,B
1338000,17,5,262,505,-243,79,0,13,10,33,10,69,90,100,1338,detection,B
823000,17,5,262,505,-243,88,4,6,21,26,18,65,90,100,823,detection,B
375000,18,5,262,505,-243,93,30,8,30,7,28,84,90,100,375,detection,B
1171000,25,5,262,505,-243,100,9,6,4,2,14,63,90,100,1171,detection,B
765000,13,5,262,505,-243,94,14,11,10,5,10,69,90,100,765,detection,B
456000,26,5,262,505,-243,91,12,7,20,23,14,91,90,100,456,detection,B
790000,15,5,262,505,-243,91,41,23,25,7,52,80,90,100,790,detection,B
413000,27,5,262,505,-243,93,4,5,3,29,10,92,90,100,413,detection,B
1410000,20,5,262,505,-243,98,28,14,4,20,6,74,90,100,1410,detection,B
813000,26,5,262,505,-243,81,10,2,19,13,19,90,90,100,813,detection,B
1313000,13,5,262,505,-243,100,18,28,9,18,10,66,90,100,1313,detection,B
1356000,25,5,262,505,-243,79,4,16,22,10,33,95,90,100,1356,detection,B
1669000,28,5,262,505,-243,88,9,14,6,12,10,79,90,100,1669,detection,B
1448000,13,5,262,505,-243,89,5,15,15,7,7,80,90,100,1448,detection,B
1367000,13,5,262,505,-243,81,13,3,11,6,21,78,90,100,1367,detection,B
473000,30,5,262,505,-243,93,14,2,1,12,32,83,90,100,473,detection,B
1615000,25,5,262,505,-243,93,18,7,6,7,3,93,90,100,1615,detection,B
536000,29,5,262,505,-243,98,14,26,2,8,16,78,90,100,536,detection,B
1623000,16,5,262,505,-243,81,9,4,5,2,10,77,90,100,1623,detection,B
171000,22,5,290,290,0,13,21,4,8,24,44,12,0,0,171,detection,
210000,12,5,290,290,0,22,13,25,5,11,17,28,0,0,210,detection,
287000,26,5,290,290,0,16,6,14,23,8,56,15,0,0,287,detection,
226000,29,5,290,290,0,3,9,10,4,2,50,7,0,0,226,detection,
126000,23,5,290,290,0,1,4,4,7,18,6,6,0,0,126,detection,
100000,20,5,290,290,0,2,28,14,16,13,20,2,0,0,100,detection,
102000,30,5,290,290,0,9,6,8,8,28,53,2,0,0,102,detection,
231000,14,5,290,290,0,24,3,3,13,22,18,11,0,0,231,detection,
