base_id,n_rules,n_ra,n_si,n_cx,n_top,f1_train,fpr_train,f1_test,fpr_test,recall_test,precision_test,expert_rules_included,jaccard_vs_expert,rules
75,12,4,4,2,2,0.8721,0.0345,0.9944,0.004,1.0,0.9888,8,0.276,"RA:AG19,A1,A2,A4|SI:BG2,BG8,B1,B3|CX:CG4,C5|TOP:T4,T5"
60,13,3,4,2,4,0.8731,0.0365,0.9944,0.004,1.0,0.9888,6,0.188,"RA:AG5,AG12,A2|SI:BG2,BG8,B3,B4|CX:CG2,C1|TOP:TG2,TG13,T2,T5"
56,16,4,3,3,6,0.8752,0.0378,0.9943,0.004,1.0,0.9887,7,0.206,"RA:AG12,AG19,AG26,A2|SI:BG2,B3,B4|CX:CG2,C1,C4|TOP:TG2,TG13,TG16,TG20,T2,T5"
33,17,5,5,4,3,0.889,0.0384,0.9939,0.0043,1.0,0.9879,9,0.273,"RA:AG8,AG15,AG16,A2,A3|SI:BG2,BG7,BG8,B3,B4|CX:C1,C3,C4,C5|TOP:TG2,TG13,T5"
45,22,6,6,3,7,0.8897,0.0384,0.9936,0.0046,1.0,0.9872,12,0.343,"RA:AG3,AG8,AG15,AG26,A2,A3|SI:BG2,BG7,B1,B2,B3,B4|CX:C3,C4,C5|TOP:TG2,TG11,TG13,TG16,T1,T4,T5"
3,12,4,2,3,3,0.8918,0.0388,0.9928,0.0051,1.0,0.9858,6,0.194,"RA:AG15,AG19,AG26,A2|SI:BG2,B3|CX:C1,C4,C5|TOP:TG2,TG13,T2"
22,22,5,6,4,7,0.8731,0.0328,0.9922,0.004,0.9955,0.9888,9,0.237,"RA:AG8,AG16,AG20,A2,A3|SI:BG2,BG4,BG7,BG8,B3,B4|CX:CG2,C3,C4,C5|TOP:TG2,TG3,TG13,TG16,TG20,T5,T8"
25,21,5,6,3,7,0.8724,0.0315,0.9918,0.0039,0.9947,0.9889,9,0.243,"RA:AG8,AG16,AG20,A2,A3|SI:BG2,BG4,BG7,BG8,B3,B4|CX:C3,C4,C5|TOP:TG2,TG3,TG13,TG16,TG20,T5,T8"
14,28,7,8,5,8,0.886,0.0355,0.9912,0.0048,0.9959,0.9865,12,0.293,"RA:AG3,AG8,AG19,AG24,AG26,A2,A4|SI:BG1,BG2,BG4,BG7,BG8,B1,B3,B4|CX:CG2,CG3,C3,C4,C5|TOP:TG2,TG11,TG13,TG16,T2,T4,T5,T8"
65,23,2,7,4,10,0.8733,0.0323,0.9907,0.004,0.9926,0.9888,10,0.263,"RA:AG8,A2|SI:BG2,BG4,BG7,BG8,B1,B3,B4|CX:CG3,C3,C4,C5|TOP:TG2,TG3,TG7,TG11,TG13,TG16,TG20,T2,T5,T6"
13,23,6,5,5,7,0.8857,0.0338,0.9905,0.0051,0.9953,0.9857,9,0.231,"RA:AG3,AG17,AG18,AG26,AG27,A2|SI:BG2,BG4,BG8,B1,B4|CX:CG2,CG3,C2,C3,C5|TOP:TG2,TG7,TG10,TG13,T2,T4,T8"
16,18,4,5,3,6,0.8793,0.037,0.9894,0.0057,0.9948,0.984,11,0.344,"RA:AG8,AG15,A1,A2|SI:BG2,BG4,BG8,B1,B3|CX:CG3,C4,C5|TOP:TG13,T2,T4,T5,T7,T8"
71,17,4,4,3,6,0.8779,0.0347,0.9883,0.0056,0.9925,0.9841,11,0.355,"RA:AG15,A1,A2,A4|SI:BG2,BG4,BG8,B1|CX:CG3,C4,C5|TOP:TG13,T2,T4,T5,T7,T8"
15,19,8,4,2,5,0.8694,0.0266,0.9853,0.0034,0.9805,0.9902,9,0.257,"RA:AG5,AG10,AG16,AG18,AG19,A1,A2,A3|SI:BG2,BG8,B2,B3|CX:CG3,C5|TOP:TG3,TG13,T2,T5,T7"
5,14,5,4,2,3,0.8666,0.0268,0.9846,0.0034,0.9791,0.9902,9,0.3,"RA:AG5,AG19,A1,A2,A4|SI:BG2,BG8,B1,B2|CX:CG3,C5|TOP:T4,T5,T8"
44,15,6,4,2,3,0.8632,0.0254,0.9846,0.0034,0.9791,0.9902,9,0.29,"RA:AG5,AG15,AG19,A1,A2,A4|SI:BG2,BG8,B1,B3|CX:CG3,C5|TOP:T4,T5,T7"
23,15,3,4,2,6,0.8251,0.0141,0.9802,0.0032,0.9701,0.9906,8,0.25,"RA:AG19,A1,A2|SI:BG2,BG8,B1,B2|CX:CG3,C5|TOP:TG3,TG13,TG20,T2,T5,T8"
46,15,4,4,2,5,0.8251,0.0141,0.9802,0.0032,0.9701,0.9906,10,0.333,"RA:AG19,A1,A2,A4|SI:BG2,BG8,B1,B2|CX:CG3,C5|TOP:TG3,T2,T4,T5,T8"
17,16,3,5,2,6,0.8268,0.0141,0.9802,0.0032,0.9701,0.9906,10,0.323,"RA:AG19,A1,A2|SI:BG2,BG8,B1,B2,B3|CX:CG3,C5|TOP:TG3,TG13,T2,T4,T5,T8"
54,17,4,6,2,5,0.8321,0.0176,0.9802,0.0032,0.9701,0.9906,9,0.273,"RA:AG15,AG19,A1,A2|SI:BG2,BG5,BG8,B1,B2,B3|CX:CG3,C5|TOP:TG3,TG13,T2,T4,T5"
19,18,5,6,2,5,0.8319,0.0176,0.9802,0.0032,0.9701,0.9906,9,0.265,"RA:AG10,AG15,AG19,A1,A2|SI:BG2,BG5,BG8,B1,B2,B3|CX:CG3,C5|TOP:TG3,TG13,T2,T5,T8"
55,12,5,4,1,2,0.8459,0.0205,0.9794,0.0032,0.9685,0.9906,8,0.276,"RA:AG5,AG19,A1,A2,A4|SI:BG2,BG8,B2,B3|CX:C5|TOP:T4,T5"
48,14,6,4,1,3,0.8544,0.0219,0.9794,0.0032,0.9685,0.9906,9,0.3,"RA:AG5,AG15,AG19,A1,A2,A4|SI:BG2,BG8,B1,B2|CX:C5|TOP:T4,T5,T8"
59,21,7,6,1,7,0.8574,0.0209,0.9794,0.0032,0.9685,0.9906,12,0.353,"RA:AG5,AG10,AG15,AG19,A1,A2,A4|SI:BG2,BG8,B1,B2,B3,B4|CX:C5|TOP:TG3,TG7,TG13,T2,T4,T5,T7"
51,21,11,4,1,5,0.8588,0.0232,0.9787,0.0037,0.9685,0.9892,9,0.243,"RA:AG5,AG6,AG9,AG10,AG15,AG17,AG19,AG22,A1,A2,A4|SI:BG2,BG8,B1,B2|CX:C5|TOP:TG7,TG13,T1,T2,T5"
63,20,7,6,1,6,0.8562,0.0227,0.9783,0.004,0.9685,0.9883,12,0.364,"RA:AG5,AG10,AG15,AG19,A1,A2,A4|SI:BG2,BG8,B1,B2,B3,B4|CX:C5|TOP:TG7,TG13,T2,T4,T5,T7"
43,13,5,3,2,3,0.8514,0.0246,0.9777,0.0045,0.9685,0.987,9,0.31,"RA:AG5,AG19,A1,A2,A4|SI:BG2,BG8,B2|CX:C1,C5|TOP:T2,T5,T8"
20,12,5,3,2,2,0.8036,0.0192,0.9626,0.0031,0.9359,0.9908,7,0.233,"RA:AG5,AG19,A1,A2,A4|SI:BG2,BG8,B3|CX:CG4,C5|TOP:T5,T7"
67,12,5,4,1,2,0.5118,0.0003,0.9392,0.0027,0.8921,0.9915,9,0.321,"RA:AG19,A1,A2,A3,A4|SI:BG2,BG8,B1,B4|CX:C5|TOP:T5,T7"
12,13,1,3,5,4,0.8515,0.0311,0.9303,0.0048,0.8814,0.9848,7,0.226,"RA:A2|SI:BG2,BG7,B3|CX:CG2,CG3,C2,C3,C5|TOP:TG9,TG13,T2,T5"
30,15,3,4,2,6,0.8224,0.0127,0.869,0.0032,0.7754,0.9883,8,0.25,"RA:AG19,AG24,A2|SI:BG2,BG7,B1,B3|CX:CG3,C5|TOP:TG3,TG13,T2,T4,T5,T7"
11,21,5,6,2,8,0.8212,0.0076,0.855,0.004,0.7552,0.9851,9,0.243,"RA:AG19,AG20,AG26,A2,A4|SI:BG2,BG4,BG7,B2,B3,B4|CX:CG4,C5|TOP:TG2,TG8,TG13,TG16,TG20,T2,T4,T5"
64,20,5,5,2,8,0.818,0.0073,0.8546,0.004,0.7547,0.9851,9,0.25,"RA:AG19,AG20,AG26,A2,A4|SI:BG4,BG7,B2,B3,B4|CX:CG4,C5|TOP:TG2,TG8,TG13,TG16,TG20,T2,T4,T5"
47,15,3,4,2,6,0.8339,0.0204,0.8529,0.0156,0.7766,0.9459,8,0.25,"RA:AG16,AG24,A2|SI:BG2,BG7,B1,B3|CX:CG3,C5|TOP:TG7,TG13,T2,T5,T6,T7"
77,13,4,2,2,5,0.7808,0.0054,0.8431,0.0031,0.735,0.9883,6,0.188,"RA:AG13,AG19,AG25,A2|SI:BG2,B3|CX:CG3,C5|TOP:TG13,TG14,T2,T5,T6"
62,16,3,4,2,7,0.7953,0.0054,0.8397,0.0031,0.7301,0.988,8,0.242,"RA:AG16,AG24,A2|SI:BG2,BG7,B1,B3|CX:CG3,C5|TOP:TG7,TG13,TG14,T2,T5,T6,T7"
21,26,9,6,3,8,0.8157,0.0065,0.8324,0.0042,0.7215,0.9836,12,0.308,"RA:AG3,AG20,AG22,AG24,AG26,A2,A3,A4,A6|SI:BG2,BG4,BG7,B1,B2,B3|CX:CG2,C4,C5|TOP:TG2,TG8,TG13,TG16,TG19,T2,T5,T8"
49,23,7,6,3,7,0.812,0.006,0.8309,0.0042,0.7191,0.9837,10,0.263,"RA:AG3,AG20,AG22,AG24,AG26,A2,A3|SI:BG2,BG4,B1,B2,B3,B4|CX:CG2,C4,C5|TOP:TG2,TG8,TG13,TG16,TG19,T2,T8"
53,12,1,3,4,4,0.7911,0.0128,0.7724,0.0156,0.657,0.9369,7,0.233,"RA:A2|SI:BG2,BG7,B3|CX:CG3,C2,C3,C5|TOP:TG9,TG13,T2,T5"
9,12,1,3,3,5,0.7888,0.0121,0.7715,0.0155,0.6556,0.9372,8,0.276,"RA:A2|SI:BG2,B1,B3|CX:CG3,C3,C5|TOP:TG7,TG13,T2,T5,T6"
36,18,5,5,2,6,0.7579,0.004,0.7677,0.003,0.6283,0.9867,6,0.162,"RA:AG3,AG16,AG20,AG26,A2|SI:BG2,BG4,BG7,B3,B4|CX:C3,C5|TOP:TG2,TG3,TG13,TG16,TG20,T5"
66,20,5,5,2,8,0.7828,0.0048,0.7588,0.0039,0.6181,0.9825,8,0.216,"RA:AG16,AG20,AG26,A2,A3|SI:BG2,BG4,BG7,B3,B4|CX:C4,C5|TOP:TG2,TG8,TG9,TG13,TG16,TG20,T5,T8"
2,29,10,6,2,11,0.7512,0.0035,0.7382,0.0029,0.5898,0.9864,12,0.286,"RA:AG3,AG10,AG14,AG19,AG20,AG22,AG24,AG26,A2,A3|SI:BG2,BG4,B1,B2,B3,B4|CX:C4,C5|TOP:TG2,TG4,TG13,TG14,TG16,TG19,TG20,T2,T4,T5,T8"
28,24,10,5,2,7,0.7494,0.0036,0.7381,0.0029,0.5896,0.9864,10,0.256,"RA:AG3,AG10,AG14,AG19,AG20,AG22,AG26,A1,A2,A4|SI:BG2,BG4,B1,B3,B4|CX:CG4,C5|TOP:TG7,TG13,TG16,TG20,T2,T5,T7"
27,28,9,7,4,8,0.776,0.0046,0.7242,0.004,0.5741,0.9807,13,0.325,"RA:AG3,AG14,AG19,AG20,AG24,AG26,A2,A4,A6|SI:BG2,BG4,BG7,B1,B2,B3,B4|CX:CG2,C3,C4,C5|TOP:TG1,TG2,TG8,TG13,TG16,T2,T5,T8"
31,19,5,5,2,7,0.7676,0.0046,0.6961,0.004,0.5399,0.9794,9,0.257,"RA:AG3,AG20,AG24,A2,A4|SI:BG2,BG4,BG7,B1,B3|CX:CG2,C5|TOP:TG8,TG13,TG20,T2,T5,T6,T7"
40,21,6,5,2,8,0.7594,0.0042,0.6926,0.004,0.5357,0.9795,12,0.353,"RA:AG3,AG19,AG20,AG22,A2,A3|SI:BG2,BG4,B1,B2,B3|CX:C4,C5|TOP:TG13,TG16,TG19,T2,T4,T5,T6,T8"
70,16,2,4,3,7,0.7386,0.0032,0.688,0.0028,0.5286,0.9849,7,0.206,"RA:AG16,A2|SI:BG2,BG4,B1,B3|CX:CG3,CG4,C5|TOP:TG1,TG2,TG13,TG16,T2,T5,T7"
74,20,5,5,4,6,0.7392,0.0038,0.6278,0.0037,0.4622,0.978,10,0.286,"RA:AG3,AG20,AG24,A2,A4|SI:BG2,BG4,BG7,B1,B3|CX:CG2,C3,C4,C5|TOP:TG8,TG13,TG20,T2,T5,T8"
18,29,8,7,3,11,0.7107,0.0024,0.6096,0.0028,0.4419,0.9821,14,0.35,"RA:AG3,AG8,AG14,AG24,AG25,AG26,A2,A4|SI:BG2,BG4,BG7,B1,B2,B3,B4|CX:C3,C4,C5|TOP:TG2,TG11,TG13,TG14,TG16,TG20,T1,T2,T4,T5,T8"
34,25,8,5,4,8,0.7222,0.0025,0.5851,0.0034,0.4176,0.9772,11,0.282,"RA:AG3,AG13,AG17,AG18,AG26,A2,A4,A5|SI:BG4,BG7,B1,B3,B4|CX:CG2,CG3,C1,C5|TOP:TG2,TG7,TG13,TG16,TG19,T1,T4,T8"
26,24,7,6,4,7,0.7279,0.0029,0.5768,0.0037,0.4095,0.9752,12,0.324,"RA:AG3,AG19,AG24,AG26,A2,A3,A4|SI:BG2,BG4,B1,B2,B3,B4|CX:CG2,CG3,C4,C5|TOP:TG2,TG8,TG13,TG19,T2,T5,T8"
24,25,6,5,4,10,0.6945,0.0018,0.5516,0.0028,0.3839,0.9796,11,0.282,"RA:AG3,AG20,AG24,AG26,A2,A4|SI:BG2,BG4,BG7,B1,B3|CX:CG2,C3,C4,C5|TOP:TG2,TG3,TG8,TG13,TG16,TG20,T2,T4,T5,T8"
35,23,8,6,2,7,0.6743,0.0013,0.5316,0.0027,0.3649,0.9791,12,0.333,"RA:AG3,AG14,AG19,AG22,AG24,A1,A2,A3|SI:BG2,BG4,B1,B2,B3,B4|CX:C4,C5|TOP:TG13,TG14,TG16,TG20,T2,T4,T5"
42,16,4,3,3,6,0.6922,0.0019,0.4759,0.0038,0.3156,0.9665,8,0.242,"RA:AG24,AG26,A2,A4|SI:BG2,BG4,B4|CX:CG3,C4,C5|TOP:TG8,TG13,TG19,T2,T5,T7"
73,17,3,3,4,7,0.4948,0.0001,0.4627,0.0025,0.3031,0.9774,10,0.312,"RA:AG15,A1,A2|SI:BG2,BG8,B3|CX:CG3,C3,C4,C5|TOP:TG6,TG13,TG14,T2,T4,T5,T8"
0,12,4,4,1,3,0.3433,0.0,0.4626,0.0012,0.302,0.9887,8,0.276,"RA:AG19,A1,A2,A4|SI:BG2,BG8,B1,B2|CX:C5|TOP:TG6,T4,T5"
1,12,4,3,1,4,0.3433,0.0,0.4626,0.0012,0.302,0.9887,7,0.233,"RA:AG19,A1,A2,A4|SI:BG2,BG8,B1|CX:C5|TOP:TG6,TG13,T4,T5"
39,20,7,5,3,5,0.692,0.0017,0.4527,0.0034,0.2954,0.9687,9,0.25,"RA:AG8,AG16,AG20,AG27,A2,A3,A4|SI:BG2,BG4,BG7,B3,B4|CX:CG2,C4,C5|TOP:TG2,TG13,TG16,T5,T8"
29,12,5,3,2,2,0.6691,0.0023,0.4486,0.0044,0.2928,0.9587,6,0.194,"RA:AG15,AG19,AG22,A1,A2|SI:BG2,BG4,B3|CX:C4,C5|TOP:TG13,T2"
10,27,5,6,4,12,0.6819,0.0014,0.4456,0.0028,0.289,0.9728,15,0.405,"RA:AG14,AG26,A1,A2,A4|SI:BG2,BG4,BG7,B1,B3,B4|CX:CG3,C1,C4,C5|TOP:TG2,TG7,TG11,TG13,TG14,TG16,T1,T2,T4,T5,T7,T8"
79,15,5,3,3,4,0.6596,0.0015,0.4441,0.0037,0.2884,0.9652,9,0.29,"RA:AG3,AG15,AG26,A2,A4|SI:BG2,BG4,B4|CX:C2,C4,C5|TOP:TG13,T2,T4,T8"
37,26,6,6,4,10,0.6804,0.0014,0.4381,0.0028,0.2828,0.9722,14,0.378,"RA:AG19,AG20,AG26,A1,A2,A4|SI:BG2,BG4,BG7,B2,B3,B4|CX:CG3,C1,C4,C5|TOP:TG2,TG7,TG13,TG14,TG16,T2,T4,T5,T6,T8"
76,15,5,4,3,3,0.6527,0.001,0.3946,0.0033,0.2481,0.964,9,0.29,"RA:AG3,AG24,A1,A2,A4|SI:BG2,BG4,B1,B4|CX:CG2,C4,C5|TOP:TG13,T2,T5"
72,18,7,5,2,4,0.6384,0.0009,0.3788,0.0033,0.2358,0.9622,10,0.303,"RA:AG3,AG14,AG19,AG26,A1,A2,A4|SI:BG2,BG4,B1,B2,B4|CX:C4,C5|TOP:TG13,TG20,T4,T5"
61,17,3,4,3,7,0.6278,0.0008,0.3551,0.0028,0.2176,0.9648,9,0.273,"RA:AG22,A2,A3|SI:BG2,BG4,BG7,B3|CX:C1,C4,C5|TOP:TG2,TG6,TG13,TG16,T2,T4,T5"
38,14,4,2,2,6,0.7255,0.0039,0.2971,0.003,0.176,0.9534,9,0.3,"RA:AG5,AG19,A1,A2|SI:BG2,B3|CX:C3,C5|TOP:TG11,TG14,T2,T5,T6,T7"
68,14,5,3,1,5,0.6085,0.002,0.2402,0.0029,0.1376,0.9431,9,0.3,"RA:AG5,AG19,A1,A2,A4|SI:BG2,BG7,B3|CX:C5|TOP:TG14,T2,T5,T6,T7"
57,15,6,3,2,4,0.6054,0.0005,0.0337,0.0026,0.0173,0.7008,8,0.25,"RA:AG1,AG15,AG24,A1,A2,A4|SI:BG2,BG4,BG7|CX:C4,C5|TOP:TG13,T2,T5,T8"
58,19,9,3,2,5,0.6183,0.0005,0.0325,0.0026,0.0166,0.6916,9,0.257,"RA:AG1,AG8,AG15,AG20,AG22,AG24,A2,A3,A4|SI:BG2,BG4,BG7|CX:C4,C5|TOP:TG13,T2,T4,T5,T8"
41,12,3,3,1,5,0.5498,0.0018,0.0134,0.0028,0.0068,0.4615,8,0.276,"RA:AG19,A2,A3|SI:BG2,B1,B2|CX:C5|TOP:TG3,TG13,T2,T4,T5"
78,12,4,3,1,4,0.5498,0.0018,0.0134,0.0028,0.0068,0.4615,8,0.276,"RA:AG10,AG19,A2,A4|SI:BG2,B1,B2|CX:C5|TOP:TG8,T4,T5,T7"
52,14,2,1,5,6,0.5361,0.0018,0.0134,0.0028,0.0068,0.4615,9,0.3,"RA:A2,A3|SI:BG2|CX:CG1,CG3,C3,C4,C5|TOP:TG6,TG13,T1,T2,T4,T5"
7,20,9,4,3,4,0.5879,0.0002,0.0123,0.0026,0.0062,0.4583,9,0.25,"RA:AG1,AG3,AG5,AG15,AG19,AG24,A1,A2,A4|SI:BG2,BG4,BG7,B1|CX:CG2,C4,C5|TOP:TG13,T2,T5,T8"
50,14,4,4,0,6,0.5242,0.0008,0.0074,0.0027,0.0038,0.3274,6,0.182,"RA:AG19,AG25,A2,A4|SI:BG2,BG4,BG7,B3|CX:|TOP:TG2,TG13,TG14,T2,T4,T6"
32,13,4,4,1,4,0.5122,0.0008,0.0036,0.0028,0.0018,0.1862,9,0.31,"RA:AG15,AG16,A2,A4|SI:BG2,B1,B2,B3|CX:C5|TOP:TG1,T4,T5,T8"
69,12,1,3,3,5,0.4961,0.0003,0.0026,0.0027,0.0013,0.1453,7,0.233,"RA:A2|SI:BG2,BG4,B1|CX:C1,C3,C5|TOP:TG2,TG3,TG13,T2,T4"
4,13,4,1,2,6,0.4813,0.0001,0.0025,0.0025,0.0012,0.15,8,0.267,"RA:AG15,A1,A2,A4|SI:BG2|CX:C4,C5|TOP:TG6,TG13,TG14,T2,T4,T5"
6,17,6,4,2,5,0.3937,0.0,0.0021,0.0024,0.0011,0.1382,9,0.273,"RA:AG15,AG22,AG24,A1,A2,A3|SI:BG2,BG4,BG7,B4|CX:C4,C5|TOP:TG6,TG13,T2,T4,T5"
8,21,8,4,4,5,0.4027,0.0,0.0021,0.0024,0.0011,0.1382,10,0.278,"RA:AG3,AG13,AG15,AG18,AG24,A1,A2,A3|SI:BG2,BG4,BG7,B4|CX:CG3,C2,C4,C5|TOP:TG6,TG13,T2,T4,T5"
